atom_index,atom_name,residue,frame0_secondary_structure,frame0_z_nm,frame0_z_from_membrane_center_nm
29,CA,chain0:ALA3,H,6.659329891204834,1.4563207626342773
39,CA,chain0:ILE4,H,6.502453327178955,1.2994441986083984
57,CA,chain0:PRO5,H,6.506580829620361,1.3035717010498047
72,CA,chain0:VAL6,H,6.328690052032471,1.125680923461914
88,CA,chain0:ILE7,H,6.056707859039307,0.85369873046875
107,CA,chain0:ILE8,H,6.00158166885376,0.7985725402832031
126,CA,chain0:THR9,H,5.986502170562744,0.7834930419921875
140,CA,chain0:ALA10,H,5.69732141494751,0.4943122863769531
150,CA,chain0:VAL11,H,5.508702754974365,0.3056936264038086
166,CA,chain0:TYR12,H,5.586838245391846,0.38382911682128906
187,CA,chain0:SER13,H,5.43496561050415,0.23195648193359375
198,CA,chain0:VAL14,H,5.107564449310303,-0.0954446792602539
214,CA,chain0:VAL15,H,5.114782810211182,-0.088226318359375
230,CA,chain0:PHE16,H,5.182274341583252,-0.020734786987304688
250,CA,chain0:VAL17,H,4.884205341339111,-0.3188037872314453
266,CA,chain0:VAL18,H,4.641688823699951,-0.5613203048706055
282,CA,chain0:GLY19,H,4.775431156158447,-0.4275779724121094
289,CA,chain0:LEU20,H,4.806434154510498,-0.3965749740600586
308,CA,chain0:VAL21,H,4.575032711029053,-0.6279764175415039
324,CA,chain0:GLY22,H,4.32066011428833,-0.8823490142822266
331,CA,chain0:ASN23,H,4.301076412200928,-0.9019327163696289
345,CA,chain0:SER24,H,4.283472537994385,-0.9195365905761719
356,CA,chain0:LEU25,H,3.9899535179138184,-1.2130556106567383
375,CA,chain0:VAL26,H,3.814953327178955,-1.3880558013916016
391,CA,chain0:MET27,H,3.860241413116455,-1.3427677154541016
408,CA,chain0:PHE28,H,3.73939847946167,-1.4636106491088867
694,CA,chain0:ILE44,H,3.8101296424865723,-1.3928794860839844
713,CA,chain0:PHE45,H,3.878754138946533,-1.3242549896240234
733,CA,chain0:ASN46,H,4.155335903167725,-1.047673225402832
747,CA,chain0:LEU47,H,4.280815601348877,-0.9221935272216797
766,CA,chain0:ALA48,H,4.306154727935791,-0.8968544006347656
776,CA,chain0:LEU49,H,4.498488903045654,-0.7045202255249023
795,CA,chain0:ALA50,H,4.741905689239502,-0.4611034393310547
805,CA,chain0:ASP51,H,4.803213596343994,-0.3997955322265625
817,CA,chain0:ALA52,H,4.836141109466553,-0.3668680191040039
827,CA,chain0:LEU53,H,5.098384380340576,-0.10462474822998047
846,CA,chain0:VAL54,H,5.328099727630615,0.1250905990600586
862,CA,chain0:THR55,H,5.2804036140441895,0.07739448547363281
904,CA,chain0:MET58,H,5.801975727081299,0.5989665985107422
920,CA,chain0:PRO59,H,5.944215297698975,0.741206169128418
935,CA,chain0:PHE60,H,6.2070698738098145,1.0040607452392578
955,CA,chain0:GLN61,H,6.295966625213623,1.0929574966430664
972,CA,chain0:SER62,H,6.334954738616943,1.1319456100463867
983,CA,chain0:THR63,H,6.5605244636535645,1.3575153350830078
1172,CA,chain0:VAL75,H,6.484681606292725,1.281672477722168
1188,CA,chain0:LEU76,H,6.339118480682373,1.1361093521118164
1207,CA,chain0:CYS77,H,6.502212047576904,1.2992029190063477
1217,CA,chain0:LYS78,H,6.315548419952393,1.112539291381836
1239,CA,chain0:ILE79,H,5.9912590980529785,0.7882499694824219
1258,CA,chain0:VAL80,H,6.035288333892822,0.8322792053222656
1274,CA,chain0:LEU81,H,6.109068393707275,0.9060592651367188
1293,CA,chain0:SER82,H,5.796605587005615,0.5935964584350586
1304,CA,chain0:ILE83,H,5.591781139373779,0.38877201080322266
1323,CA,chain0:ASP84,H,5.652602672576904,0.44959354400634766
1335,CA,chain0:TYR85,H,5.491398334503174,0.2883892059326172
1356,CA,chain0:TYR86,H,5.225795269012451,0.02278614044189453
1377,CA,chain0:ASN87,H,5.121860980987549,-0.08114814758300781
1391,CA,chain0:MET88,H,5.2103657722473145,0.0073566436767578125
1408,CA,chain0:PHE89,H,5.037760257720947,-0.16524887084960938
1428,CA,chain0:THR90,H,4.754091739654541,-0.4489173889160156
1442,CA,chain0:SER91,H,4.651373386383057,-0.5516357421875
1453,CA,chain0:ILE92,H,4.604409694671631,-0.5985994338989258
1472,CA,chain0:PHE93,H,4.438074588775635,-0.7649345397949219
1492,CA,chain0:THR94,H,4.194375514984131,-1.0086336135864258
1506,CA,chain0:LEU95,H,4.117496013641357,-1.0855131149291992
1525,CA,chain0:THR96,H,4.041454792022705,-1.1615543365478516
1539,CA,chain0:MET97,H,3.8303475379943848,-1.3726615905761719
1987,CA,chain0:ILE124,H,3.787344455718994,-1.4156646728515625
2006,CA,chain0:ASN125,H,4.019720554351807,-1.18328857421875
2020,CA,chain0:ILE126,H,4.165463924407959,-1.0375452041625977
2039,CA,chain0:CYS127,H,4.2379584312438965,-0.9650506973266602
2050,CA,chain0:ILE128,H,4.423546314239502,-0.7794628143310547
2069,CA,chain0:TRP129,H,4.64697790145874,-0.5560312271118164
2093,CA,chain0:LEU130,H,4.719630718231201,-0.48337841033935547
2112,CA,chain0:LEU131,H,4.809203624725342,-0.39380550384521484
2131,CA,chain0:SER132,H,5.037919521331787,-0.16508960723876953
2142,CA,chain0:SER133,H,5.212006092071533,0.008996963500976562
2153,CA,chain0:SER134,H,5.336172580718994,0.1331634521484375
2164,CA,chain0:VAL135,H,5.6013102531433105,0.3983011245727539
2180,CA,chain0:GLY136,H,5.583205699920654,0.38019657135009766
2187,CA,chain0:ILE137,H,5.721900463104248,0.5188913345336914
2206,CA,chain0:SER138,H,5.994161128997803,0.7911520004272461
2217,CA,chain0:ALA139,H,6.134788990020752,0.9317798614501953
2227,CA,chain0:ILE140,H,6.122323513031006,0.9193143844604492
2246,CA,chain0:VAL141,H,6.35413122177124,1.1511220932006836
2262,CA,chain0:LEU142,H,6.574039936065674,1.3710308074951172
2695,CA,chain0:LEU170,H,6.678102970123291,1.4750938415527344
2714,CA,chain0:PHE171,H,6.489979267120361,1.2869701385498047
2734,CA,chain0:MET172,H,6.315042972564697,1.1120338439941406
2751,CA,chain0:LYS173,H,6.225112438201904,1.0221033096313477
2773,CA,chain0:ILE174,H,6.102433681488037,0.8994245529174805
2792,CA,chain0:CYS175,H,5.884761333465576,0.6817522048950195
2803,CA,chain0:VAL176,H,5.72988748550415,0.5268783569335938
2819,CA,chain0:PHE177,H,5.651095867156982,0.4480867385864258
2839,CA,chain0:ILE178,H,5.4369025230407715,0.23389339447021484
2858,CA,chain0:PHE179,H,5.196350574493408,-0.0066585540771484375
2878,CA,chain0:ALA180,H,5.214053630828857,0.011044502258300781
2888,CA,chain0:PHE181,H,5.136962413787842,-0.06604671478271484
2908,CA,chain0:VAL182,H,5.108077526092529,-0.09493160247802734
2942,CA,chain0:PRO184,H,4.583262920379639,-0.619746208190918
2957,CA,chain0:VAL185,H,4.527552127838135,-0.6754570007324219
2973,CA,chain0:LEU186,H,4.413452625274658,-0.7895565032958984
2992,CA,chain0:ILE187,H,4.149511814117432,-1.053497314453125
3011,CA,chain0:ILE188,H,4.0383830070495605,-1.164626121520996
3030,CA,chain0:ILE189,H,4.008499622344971,-1.194509506225586
3049,CA,chain0:VAL190,H,3.8006720542907715,-1.4023370742797852
3646,CA,chain0:VAL223,H,3.8333487510681152,-1.3696603775024414
3662,CA,chain0:VAL224,H,4.039206027984619,-1.1638031005859375
3678,CA,chain0:VAL225,H,4.16012716293335,-1.042881965637207
3694,CA,chain0:ALA226,H,4.239770412445068,-0.9632387161254883
3704,CA,chain0:VAL227,H,4.440847873687744,-0.7621612548828125
3720,CA,chain0:PHE228,H,4.625477313995361,-0.5775318145751953
3740,CA,chain0:VAL229,H,4.7345662117004395,-0.4684429168701172
3756,CA,chain0:VAL230,H,4.875410556793213,-0.32759857177734375
3772,CA,chain0:CYS231,H,5.030968189239502,-0.1720409393310547
3783,CA,chain0:TRP232,H,5.184322834014893,-0.018686294555664062
3807,CA,chain0:THR233,H,5.280815601348877,0.07780647277832031
3820,CA,chain0:PRO234,H,5.592711925506592,0.38970279693603516
3835,CA,chain0:ILE235,H,5.725477695465088,0.5224685668945312
3854,CA,chain0:HIS236,H,5.586498737335205,0.38348960876464844
3871,CA,chain0:ILE237,H,5.799333095550537,0.5963239669799805
3890,CA,chain0:PHE238,H,6.079920291900635,0.8769111633300781
3910,CA,chain0:ILE239,H,6.089977741241455,0.8869686126708984
3929,CA,chain0:LEU240,H,6.273894786834717,1.0708856582641602
3948,CA,chain0:VAL241,H,6.462223529815674,1.2592144012451172
4065,CA,chain0:SER250,H,6.59916353225708,1.3961544036865234
4076,CA,chain0:SER251,H,6.408199787139893,1.205190658569336
4087,CA,chain0:TYR252,H,6.323780536651611,1.1207714080810547
4108,CA,chain0:TYR253,H,6.230213642120361,1.0272045135498047
4129,CA,chain0:PHE254,H,5.996618747711182,0.793609619140625
4149,CA,chain0:CYS255,H,5.794436931610107,0.5914278030395508
4160,CA,chain0:ILE256,H,5.80011510848999,0.5971059799194336
4179,CA,chain0:ALA257,H,5.658982753753662,0.45597362518310547
4189,CA,chain0:LEU258,H,5.3770623207092285,0.17405319213867188
4208,CA,chain0:GLY259,H,5.3180766105651855,0.1150674819946289
4215,CA,chain0:TYR260,H,5.277634143829346,0.07462501525878906
4236,CA,chain0:THR261,H,5.0806050300598145,-0.12240409851074219
4250,CA,chain0:ASN262,H,4.8274970054626465,-0.37551212310791016
4264,CA,chain0:SER263,H,4.783604145050049,-0.4194049835205078
4275,CA,chain0:SER264,H,4.675364017486572,-0.5276451110839844
4286,CA,chain0:LEU265,H,4.444032192230225,-0.758976936340332
4305,CA,chain0:ASN266,H,4.261760234832764,-0.941248893737793
4318,CA,chain0:PRO267,H,4.079126834869385,-1.1238822937011719
4333,CA,chain0:ILE268,H,3.989708423614502,-1.2133007049560547
4352,CA,chain0:LEU269,H,3.8490490913391113,-1.3539600372314453
