system,residue,mean_occupancy,sd_occupancy,n_reps
CYP1B1,PHE189,1.0,0.0,3
CYP1B1,GLY281,0.9998333333333335,0.0002886751345947811,3
CYP1B1,ALA282,0.9940000000000001,0.004769696007084735,3
CYP1B1,PHE88,0.9646666666666667,0.021967779435649246,3
CYP1B1,PHE223,0.9480000000000001,0.027290108097990394,3
CYP1B1,SER87,0.9380000000000001,0.03232259271778802,3
CYP1B1,PHE284,0.9241666666666667,0.024404576073624628,3
CYP1B1,ASP278,0.8533333333333334,0.12778921446402797,3
CYP1B1,ILE80,0.851,0.08195883112880512,3
CYP1B1,LEU277,0.7708333333333334,0.10753875270493579,3
CYP1B1,ASN187,0.6920000000000001,0.21612727731593717,3
CYP1B1,ILE351,0.614,0.13428421351744965,3
CYP1B1,ASP285,0.6103333333333333,0.35609771599005424,3
CYP1B1,SER81,0.5003333333333333,0.07780477705985239,3
CYP1B1,LEU461,0.436,0.19228169439652862,3
CYP1B1,LEU219,0.4176666666666667,0.09786257371096131,3
CYP1B1,SER85,0.39433333333333337,0.29054273925419877,3
CYP1B1,ASN220,0.308,0.07581721440411802,3
CYP1B1,LEU182,0.23116666666666666,0.3579575161011895,3
CYP1B1,VAL183,0.10033333333333333,0.16219304341843188,3
CYP1B1,THR286,0.08566666666666667,0.0694808126991426,3
CYP1B1,VAL347,0.03875,0.022980970388562796,2
CYP1B1,ASN186,0.025333333333333336,0.036253735439721706,3
CYP1B1,THR462,0.024333333333333335,0.0205993527406405,3
CYP1B1,TYR152,0.013166666666666667,0.01088959748261309,3
CYP1B1,GLY190,0.007333333333333333,0.004193248541803042,3
CYP1B1,LYS464,0.0025,,1
CYP1B1,ASN184,0.001,,1
CYP1B1,LEU185,0.001,,1
CYP1B1,ASN188,0.0008333333333333334,0.0005773502691896258,3
MAO-B,TYR433,0.9556666666666667,0.07505553499465135,3
MAO-B,TYR396,0.9553333333333334,0.07693232957173032,3
MAO-B,CYS170,0.9536666666666668,0.07550882950578247,3
MAO-B,GLN204,0.9488333333333333,0.06989337116875485,3
MAO-B,TYR324,0.9481666666666667,0.06921223398600373,3
MAO-B,LEU169,0.941,0.07136350607978836,3
MAO-B,TYR186,0.9129999999999999,0.06988740945263318,3
MAO-B,GLY432,0.8441666666666666,0.05353814839283604,3
MAO-B,CYF395,0.8325,0.10442341691402365,3
MAO-B,ILE197,0.7818333333333333,0.16687894814305773,3
MAO-B,ILE196,0.7508333333333334,0.21707160876847378,3
MAO-B,PHE166,0.6278333333333334,0.256137332955064,3
MAO-B,ILE314,0.28950000000000004,0.029816103031751136,3
MAO-B,THR397,0.2495,0.3514320702497141,2
MAO-B,PHE341,0.2293333333333333,0.188415321386912,3
MAO-B,THR325,0.139,,1
MAO-B,LEU326,0.111,0.0997020561473032,2
MAO-B,MET313,0.1,,1
MAO-B,LEU165,0.09033333333333333,0.14911097656890768,3
MAO-B,THR312,0.072,0.027577164466275353,2
MAO-B,SER431,0.06066666666666667,0.04431797979751935,3
MAO-B,THR199,0.04,0.024041630560342617,2
MAO-B,SER198,0.027,0.023921747427811373,3
MAO-B,GLY203,0.01,0.013435028842544402,2
MAO-B,VAL468,0.005,,1
MAO-B,TYR58,0.00375,0.003181980515339464,2
MAO-B,PRO100,0.0035,,1
MAO-B,ASP469,0.0025,,1
MAO-B,LYS71,0.0025,,1
MAO-B,PRO102,0.0025,,1
MAO-B,CYS190,0.001,0.0007071067811865475,2
MAO-B,ALA323,0.0005,,1
MAO-B,SER467,0.0005,,1
MAO-B,TRP117,0.0005,,1
MAO-B,VAL171,0.0005,,1
