system,replicate,time_ns,protein_rg_A,protein_sasa_nm2,ligand_sasa_nm2,protein_ligand_contact_atoms
CYP1B1,rep1,0.0,22.85703436027449,213.24646,0.12683573,41
CYP1B1,rep1,0.5,22.986793467025457,214.3576,0.22600514,35
CYP1B1,rep1,1.0,22.890804950565528,211.0412,0.23709172,33
CYP1B1,rep1,1.5,22.943771269051854,212.54047,0.09110724,37
CYP1B1,rep1,2.0,23.01016148730318,214.59973,0.18680313,33
CYP1B1,rep1,2.5,22.948737798246185,215.79388,0.26110685,36
CYP1B1,rep1,3.0,22.93439776243443,212.50508,0.304518,30
CYP1B1,rep1,3.5,22.980733308874782,213.48277,0.30357954,36
CYP1B1,rep1,4.0,22.84060105795641,209.19711,0.33453232,33
CYP1B1,rep1,4.5,22.875285242565937,209.25314,0.33012712,35
CYP1B1,rep1,5.0,22.81390164126264,206.12276,0.20976004,36
CYP1B1,rep1,5.5,22.870579508971737,210.6246,0.28520802,29
CYP1B1,rep1,6.0,22.760616534355144,206.18146,0.2879817,34
CYP1B1,rep1,6.5,22.808956510929335,207.69531,0.3350761,24
CYP1B1,rep1,7.0,22.887914190527763,211.51566,0.2838964,28
CYP1B1,rep1,7.5,22.809866541767548,206.08655,0.23941739,31
CYP1B1,rep1,8.0,22.918356970607746,209.72502,0.39400277,32
CYP1B1,rep1,8.5,22.916965939189936,209.12555,0.29879597,34
CYP1B1,rep1,9.0,22.899238919097897,208.87473,0.4258497,32
CYP1B1,rep1,9.5,22.920144634802476,211.69264,0.31600615,34
CYP1B1,rep1,10.0,22.988618959134502,214.03487,0.41824386,29
CYP1B1,rep1,10.5,23.165965461874176,222.37085,0.36918488,32
CYP1B1,rep1,11.0,22.98234771898978,216.47198,0.41303122,39
CYP1B1,rep1,11.5,22.897364955313584,214.7426,0.25566497,42
CYP1B1,rep1,12.0,22.951841467377278,216.86368,0.35280806,29
CYP1B1,rep1,12.5,23.02688328936769,216.68434,0.36680868,35
CYP1B1,rep1,13.0,22.92770007047366,212.34677,0.36972386,32
CYP1B1,rep1,13.5,23.000912670520357,216.23389,0.44787908,34
CYP1B1,rep1,14.0,22.938532134713743,212.68286,0.333572,33
CYP1B1,rep1,14.5,22.97155390552689,213.05501,0.47093645,29
CYP1B1,rep1,15.0,23.05746040349075,218.54456,0.506101,29
CYP1B1,rep1,15.5,22.999330015396062,218.91757,0.4902024,25
CYP1B1,rep1,16.0,23.12150126148305,218.84702,0.52788794,31
CYP1B1,rep1,16.5,22.97482568206851,215.87093,0.34638837,28
CYP1B1,rep1,17.0,22.814979564488645,210.7575,0.45924675,28
CYP1B1,rep1,17.5,22.867993021150074,212.06364,0.37714416,31
CYP1B1,rep1,18.0,22.869939354423245,212.44507,0.504112,30
CYP1B1,rep1,18.5,22.88578275467405,214.60017,0.38584065,23
CYP1B1,rep1,19.0,22.920405161220863,213.3115,0.40742394,25
CYP1B1,rep1,19.5,22.92866398231324,214.80804,0.4280615,26
CYP1B1,rep1,20.0,22.9904832008018,216.2819,0.27268192,40
CYP1B1,rep1,20.5,23.03461135092652,215.45798,0.21318015,36
CYP1B1,rep1,21.0,22.982391792719795,216.19977,0.2795814,40
CYP1B1,rep1,21.5,23.002929396919328,215.62982,0.26071543,39
CYP1B1,rep1,22.0,23.059845565861245,216.41336,0.23243879,36
CYP1B1,rep1,22.5,23.11562506536398,220.0322,0.2892084,36
CYP1B1,rep1,23.0,22.9749175512067,216.09534,0.30607125,36
CYP1B1,rep1,23.5,22.973853587960956,217.93994,0.14498407,47
CYP1B1,rep1,24.0,22.92496339914258,215.9242,0.20609312,38
CYP1B1,rep1,24.5,22.978851341190886,217.00674,0.17570674,40
CYP1B1,rep1,25.0,22.931454083247026,210.58722,0.29692823,35
CYP1B1,rep1,25.5,22.870728008593687,213.89128,0.13193092,36
CYP1B1,rep1,26.0,22.99485703276752,216.05388,0.17893368,32
CYP1B1,rep1,26.5,22.897158583018808,211.56163,0.2381282,32
CYP1B1,rep1,27.0,22.941184448360676,214.46786,0.20027404,44
CYP1B1,rep1,27.5,22.92776998860524,213.94077,0.27603564,41
CYP1B1,rep1,28.0,22.95544818855809,214.78906,0.2200024,33
CYP1B1,rep1,28.5,22.934350289400314,215.37292,0.047535647,43
CYP1B1,rep1,29.0,22.936374383002335,212.65059,0.08874541,38
CYP1B1,rep1,29.5,22.942814052841477,217.18527,0.17600071,35
CYP1B1,rep1,30.0,22.82086368683956,214.54803,0.09289857,37
CYP1B1,rep1,30.5,22.905148138734003,218.12225,0.1599189,35
CYP1B1,rep1,31.0,22.809118732523352,213.89899,0.24025942,37
CYP1B1,rep1,31.5,22.819352036504416,215.25558,0.18157603,32
CYP1B1,rep1,32.0,22.946461233156256,218.44727,0.2822206,35
CYP1B1,rep1,32.5,22.95785641468192,216.4834,0.26015204,31
CYP1B1,rep1,33.0,22.908909174813516,217.65865,0.29978338,35
CYP1B1,rep1,33.5,23.01980781138844,219.24855,0.3154728,33
CYP1B1,rep1,34.0,22.961158943445334,220.312,0.29384518,30
CYP1B1,rep1,34.5,22.95533798286872,219.64603,0.45604956,29
CYP1B1,rep1,35.0,22.943796803278946,219.19482,0.18548357,37
CYP1B1,rep1,35.5,22.916798058663424,215.18384,0.102221616,35
CYP1B1,rep1,36.0,22.882758108380273,216.6608,0.19001655,33
CYP1B1,rep1,36.5,22.761387249307063,214.42116,0.25812155,35
CYP1B1,rep1,37.0,22.872510192932168,217.18263,0.14070621,41
CYP1B1,rep1,37.5,22.963927226568206,220.44821,0.22850776,37
CYP1B1,rep1,38.0,22.848116976016257,212.89334,0.14928144,41
CYP1B1,rep1,38.5,22.954228869961298,214.24014,0.1907115,33
CYP1B1,rep1,39.0,22.945212581811823,216.49127,0.41482493,35
CYP1B1,rep1,39.5,22.87865362083305,216.23367,0.39527276,32
CYP1B1,rep1,40.0,22.9169261586706,218.50397,0.33774152,31
CYP1B1,rep1,40.5,22.95905177265293,214.3685,0.319139,28
CYP1B1,rep1,41.0,22.90448906990699,211.53683,0.33342662,32
CYP1B1,rep1,41.5,22.956617013051837,213.76147,0.29841352,33
CYP1B1,rep1,42.0,22.944898728395067,212.4774,0.14702232,43
CYP1B1,rep1,42.5,22.942310726592172,214.76566,0.20550814,32
CYP1B1,rep1,43.0,22.985002543937586,214.94974,0.23211211,30
CYP1B1,rep1,43.5,22.939850676147415,214.04958,0.3040386,37
CYP1B1,rep1,44.0,22.951079994095767,214.44897,0.24184425,38
CYP1B1,rep1,44.5,23.024655556985557,215.75783,0.2491638,33
CYP1B1,rep1,45.0,22.893602603944558,210.21489,0.2631348,36
CYP1B1,rep1,45.5,22.932355625915747,213.45868,0.30231732,38
CYP1B1,rep1,46.0,22.945676118393283,216.08907,0.27721757,30
CYP1B1,rep1,46.5,23.015512221016486,221.99794,0.22394983,28
CYP1B1,rep1,47.0,23.000659640615375,219.02744,0.28090972,32
CYP1B1,rep1,47.5,23.006808625883934,219.89236,0.2906026,29
CYP1B1,rep1,48.0,22.93984663078463,213.77246,0.24151313,31
CYP1B1,rep1,48.5,23.008599754947788,218.79749,0.37881848,30
CYP1B1,rep1,49.0,23.01169695478152,215.1037,0.32151708,32
CYP1B1,rep1,49.5,22.950811944125157,216.24669,0.20381704,37
CYP1B1,rep1,50.0,22.947088088604634,215.83795,0.19649085,33
CYP1B1,rep1,50.5,22.948049172438974,218.7861,0.22666404,39
CYP1B1,rep1,51.0,22.921203065853277,216.72594,0.16588728,40
CYP1B1,rep1,51.5,22.944665657064498,217.71927,0.32964867,38
CYP1B1,rep1,52.0,22.914269756477776,217.67746,0.2962774,33
CYP1B1,rep1,52.5,22.841176869290173,213.66061,0.22016469,36
CYP1B1,rep1,53.0,22.902972420129736,216.2557,0.24957706,36
CYP1B1,rep1,53.5,22.892874185791136,217.9215,0.29129478,34
CYP1B1,rep1,54.0,22.908128445359644,214.68427,0.32032943,28
CYP1B1,rep1,54.5,22.84503050364224,215.91663,0.3596598,40
CYP1B1,rep1,55.0,22.931064209972348,214.28009,0.29591852,36
CYP1B1,rep1,55.5,22.91930105622466,216.7143,0.23079567,38
CYP1B1,rep1,56.0,22.86197256004119,215.1139,0.36741984,35
CYP1B1,rep1,56.5,22.803723235201815,214.70506,0.322725,34
CYP1B1,rep1,57.0,22.867598880076137,213.33533,0.3419178,35
CYP1B1,rep1,57.5,22.899044661907592,218.26085,0.23033479,36
CYP1B1,rep1,58.0,22.913145232399707,215.54248,0.2275982,36
CYP1B1,rep1,58.5,22.905807349844455,213.5274,0.21895365,41
CYP1B1,rep1,59.0,22.911478513476116,217.66656,0.3018093,42
CYP1B1,rep1,59.5,22.9171644330405,220.41641,0.21657048,32
CYP1B1,rep1,60.0,22.986937610844073,218.39503,0.28759977,35
CYP1B1,rep1,60.5,22.941671203078183,217.71605,0.24564171,31
CYP1B1,rep1,61.0,23.002015658157617,218.82785,0.2396876,40
CYP1B1,rep1,61.5,23.037019444127584,220.22089,0.21611404,33
CYP1B1,rep1,62.0,22.973918732814557,216.60693,0.19805066,43
CYP1B1,rep1,62.5,22.97105561313092,220.70706,0.2560055,33
CYP1B1,rep1,63.0,22.930740209298655,217.4664,0.26975358,37
CYP1B1,rep1,63.5,22.922706220153273,218.08258,0.28530598,26
CYP1B1,rep1,64.0,22.948722143646467,216.12526,0.30899036,38
CYP1B1,rep1,64.5,23.017694217321196,220.5987,0.28053373,41
CYP1B1,rep1,65.0,22.999140417273697,221.20634,0.4255604,35
CYP1B1,rep1,65.5,22.987379126076025,219.52666,0.38045913,32
CYP1B1,rep1,66.0,22.945142915473117,221.5789,0.1934828,36
CYP1B1,rep1,66.5,23.05440985258702,222.66928,0.2661301,39
CYP1B1,rep1,67.0,22.925705437095395,219.75812,0.17393388,30
CYP1B1,rep1,67.5,22.956229776037425,219.69173,0.2511849,40
CYP1B1,rep1,68.0,22.933600931940926,218.93024,0.19877131,37
CYP1B1,rep1,68.5,22.934853340296026,218.78262,0.22981611,32
CYP1B1,rep1,69.0,22.864481480164528,215.57993,0.27022633,37
CYP1B1,rep1,69.5,23.03532249150289,222.59947,0.119009964,44
CYP1B1,rep1,70.0,22.966771017004394,223.41125,0.15180783,38
CYP1B1,rep1,70.5,22.940266715455103,222.21634,0.1363856,38
CYP1B1,rep1,71.0,22.93367750450934,221.19766,0.11745919,39
CYP1B1,rep1,71.5,23.060936340573143,221.89659,0.26666492,34
CYP1B1,rep1,72.0,22.91620553008075,220.0687,0.30847338,33
CYP1B1,rep1,72.5,22.979361702798812,222.94467,0.15147084,34
CYP1B1,rep1,73.0,22.933526490076353,218.45468,0.2695426,33
CYP1B1,rep1,73.5,22.84251566636314,217.41963,0.21888281,34
CYP1B1,rep1,74.0,22.8716489019792,219.41174,0.23527148,37
CYP1B1,rep1,74.5,22.814227115021097,219.6788,0.1975809,40
CYP1B1,rep1,75.0,22.84225982543429,217.18173,0.1425812,37
CYP1B1,rep1,75.5,22.881850651104536,217.24191,0.22071342,34
CYP1B1,rep1,76.0,22.960868883853657,222.1372,0.24110864,38
CYP1B1,rep1,76.5,22.88120157022125,217.98306,0.20506127,38
CYP1B1,rep1,77.0,23.048486067151718,225.84872,0.22505172,31
CYP1B1,rep1,77.5,22.975496621260216,223.80496,0.29569077,41
CYP1B1,rep1,78.0,23.015822089975835,224.14671,0.16331212,37
CYP1B1,rep1,78.5,22.925949489034355,219.73325,0.21070945,38
CYP1B1,rep1,79.0,22.95294987680949,223.27913,0.21257395,35
CYP1B1,rep1,79.5,22.976552254774276,222.36807,0.22763848,32
CYP1B1,rep1,80.0,23.022481714212127,220.6793,0.23166324,39
CYP1B1,rep1,80.5,23.065030083885002,223.9173,0.36681452,32
CYP1B1,rep1,81.0,22.926283346170486,220.65793,0.14510356,36
CYP1B1,rep1,81.5,22.916067061913147,218.5831,0.21230432,37
CYP1B1,rep1,82.0,23.003652198459083,221.35168,0.24086092,41
CYP1B1,rep1,82.5,22.972650449843943,222.41937,0.24107575,40
CYP1B1,rep1,83.0,22.965033550012627,221.42429,0.23691854,37
CYP1B1,rep1,83.5,23.04832392502973,226.02808,0.17184852,37
CYP1B1,rep1,84.0,23.047154177489944,222.8768,0.24033713,37
CYP1B1,rep1,84.5,23.075737593933866,223.62735,0.26069725,31
CYP1B1,rep1,85.0,22.946275878051935,222.04999,0.28758907,40
CYP1B1,rep1,85.5,22.927872581402085,222.12268,0.31832168,37
CYP1B1,rep1,86.0,23.0361310735155,229.26657,0.380275,31
CYP1B1,rep1,86.5,22.956761685816286,219.1439,0.43935806,39
CYP1B1,rep1,87.0,22.920784082933178,216.66287,0.3001907,36
CYP1B1,rep1,87.5,23.093717517770934,221.34789,0.4365478,33
CYP1B1,rep1,88.0,23.049680143432305,220.8016,0.34946752,37
CYP1B1,rep1,88.5,22.94727247854489,216.90771,0.3235513,37
CYP1B1,rep1,89.0,22.939969829397896,218.63518,0.46294796,29
CYP1B1,rep1,89.5,23.00051131048822,218.58304,0.3207119,37
CYP1B1,rep1,90.0,22.927452077554573,215.70013,0.21857135,35
CYP1B1,rep1,90.5,22.959428729482912,218.81584,0.28150958,39
CYP1B1,rep1,91.0,22.89272605544101,213.09398,0.3639158,34
CYP1B1,rep1,91.5,22.979350021918368,215.43738,0.2896896,32
CYP1B1,rep1,92.0,22.963293081286025,216.02974,0.36853194,35
CYP1B1,rep1,92.5,22.93361048178535,217.40596,0.305508,37
CYP1B1,rep1,93.0,22.95519228279248,217.48956,0.33335692,37
CYP1B1,rep1,93.5,22.911578033090088,212.01657,0.4804994,34
CYP1B1,rep1,94.0,23.00619818669999,218.15448,0.37853107,39
CYP1B1,rep1,94.5,22.976987698515888,216.91159,0.346449,31
CYP1B1,rep1,95.0,22.90045828436719,214.98106,0.25459495,35
CYP1B1,rep1,95.5,23.000520740168117,218.95438,0.43101543,36
CYP1B1,rep1,96.0,22.971090954181648,221.31743,0.4075814,32
CYP1B1,rep1,96.5,23.053460049413758,217.25671,0.3124404,30
CYP1B1,rep1,97.0,22.92779814540419,215.3851,0.2678976,40
CYP1B1,rep1,97.5,22.897707023532185,212.90105,0.30305994,36
CYP1B1,rep1,98.0,23.004574100564533,216.63878,0.4397019,33
CYP1B1,rep1,98.5,22.969673852474514,216.74826,0.4170855,32
CYP1B1,rep1,99.0,22.94866508973138,216.60294,0.4007791,36
CYP1B1,rep1,99.5,22.914919266633383,216.54091,0.32423636,35
CYP1B1,rep2,0.0,22.909798896388995,212.02206,0.082089186,36
CYP1B1,rep2,0.5,22.95563033112368,213.78403,0.17000452,42
CYP1B1,rep2,1.0,22.89554932933818,213.80405,0.0821925,42
CYP1B1,rep2,1.5,22.92383724551172,213.43347,0.1112097,43
CYP1B1,rep2,2.0,22.84189440518891,214.03012,0.12845856,40
CYP1B1,rep2,2.5,22.84221467257156,213.51062,0.11532471,34
CYP1B1,rep2,3.0,22.9943841007792,216.90529,0.14037797,39
CYP1B1,rep2,3.5,22.964391526362625,214.61993,0.22397748,40
CYP1B1,rep2,4.0,22.89522204693888,214.04727,0.25495777,39
CYP1B1,rep2,4.5,23.023567384822528,213.76868,0.2646994,41
CYP1B1,rep2,5.0,23.00800647821109,217.89911,0.20522226,42
CYP1B1,rep2,5.5,22.964930998590066,217.18143,0.24158049,41
CYP1B1,rep2,6.0,23.040372032888396,220.03397,0.29482606,39
CYP1B1,rep2,6.5,22.93955408808797,214.54367,0.16912621,42
CYP1B1,rep2,7.0,22.967506793295588,218.64485,0.20265283,38
CYP1B1,rep2,7.5,22.95531543956337,213.54832,0.24614114,34
CYP1B1,rep2,8.0,22.906738634667082,214.44589,0.23232691,42
CYP1B1,rep2,8.5,22.93486469809654,215.01562,0.19564722,41
CYP1B1,rep2,9.0,22.9424338125763,213.31451,0.1440953,45
CYP1B1,rep2,9.5,22.96735115862444,213.68182,0.18716556,47
CYP1B1,rep2,10.0,22.990634800336917,214.9671,0.29499525,36
CYP1B1,rep2,10.5,22.98177673178909,216.04991,0.08642053,41
CYP1B1,rep2,11.0,23.050514237660558,214.10608,0.11097343,35
CYP1B1,rep2,11.5,22.93463646264118,214.48181,0.20840135,36
CYP1B1,rep2,12.0,22.965368064741057,213.05554,0.20196643,38
CYP1B1,rep2,12.5,22.946095730788294,210.67181,0.22026265,37
CYP1B1,rep2,13.0,22.99247375149249,214.48915,0.27604163,39
CYP1B1,rep2,13.5,22.95175808388388,212.96469,0.1465396,40
CYP1B1,rep2,14.0,22.95668121993679,212.41672,0.24802606,36
CYP1B1,rep2,14.5,22.954543493698022,211.88487,0.12399857,44
CYP1B1,rep2,15.0,23.068757152545324,216.02405,0.27621156,34
CYP1B1,rep2,15.5,22.990447179196387,217.22427,0.26682752,33
CYP1B1,rep2,16.0,23.04345963086778,215.98871,0.22602206,41
CYP1B1,rep2,16.5,22.959759875980378,219.66763,0.09598151,44
CYP1B1,rep2,17.0,23.01042008488231,218.13696,0.18528804,39
CYP1B1,rep2,17.5,23.021373860451604,218.14742,0.23689432,37
CYP1B1,rep2,18.0,23.021142542176452,219.04285,0.22665253,37
CYP1B1,rep2,18.5,23.054226369980878,216.33516,0.14335847,41
CYP1B1,rep2,19.0,22.978550877594138,220.05801,0.26036984,40
CYP1B1,rep2,19.5,23.15474453282981,219.81021,0.18392734,38
CYP1B1,rep2,20.0,23.043481848258217,218.48807,0.19826303,41
CYP1B1,rep2,20.5,23.026434901339844,219.65672,0.27154654,31
CYP1B1,rep2,21.0,23.04295470756915,218.13806,0.10352601,43
CYP1B1,rep2,21.5,23.106678037404215,221.44525,0.18214281,36
CYP1B1,rep2,22.0,22.983127551724465,217.07144,0.10135865,47
CYP1B1,rep2,22.5,22.932284855099763,217.0491,0.20971541,44
CYP1B1,rep2,23.0,22.90992209281339,214.30862,0.20866755,42
CYP1B1,rep2,23.5,22.95241020781216,214.85341,0.20526768,44
CYP1B1,rep2,24.0,23.02174864565425,215.84042,0.1991513,42
CYP1B1,rep2,24.5,22.96729531808413,217.61703,0.29064843,42
CYP1B1,rep2,25.0,23.035776599107823,215.03851,0.28820425,37
CYP1B1,rep2,25.5,23.048277356143064,217.1358,0.19707258,34
CYP1B1,rep2,26.0,23.105598037053674,220.26082,0.13837966,35
CYP1B1,rep2,26.5,23.063534520323394,219.22337,0.13838097,40
CYP1B1,rep2,27.0,23.034446251756137,220.83762,0.08029531,47
CYP1B1,rep2,27.5,23.0714647434447,219.62967,0.24667576,42
CYP1B1,rep2,28.0,23.096031932156134,219.95529,0.2597882,29
CYP1B1,rep2,28.5,23.05654703329278,217.87955,0.2982868,34
CYP1B1,rep2,29.0,23.151747948412712,221.78282,0.16443774,42
CYP1B1,rep2,29.5,23.106750783457912,217.08963,0.37209836,27
CYP1B1,rep2,30.0,23.056009612407134,220.13452,0.1859409,32
CYP1B1,rep2,30.5,22.992320826244264,218.56918,0.24423929,31
CYP1B1,rep2,31.0,23.056448719944278,219.03502,0.25157636,31
CYP1B1,rep2,31.5,23.151247548147623,217.85112,0.19635718,30
CYP1B1,rep2,32.0,23.06140150561857,222.5162,0.23810236,39
CYP1B1,rep2,32.5,23.087336778093967,221.00696,0.31875685,33
CYP1B1,rep2,33.0,23.058680771025838,219.95981,0.22360696,23
CYP1B1,rep2,33.5,22.977899178884144,215.36496,0.19126227,33
CYP1B1,rep2,34.0,23.000228613308348,217.04633,0.17086443,32
CYP1B1,rep2,34.5,22.989068736436643,218.71976,0.18487619,34
CYP1B1,rep2,35.0,23.198436039167536,220.67554,0.22501725,27
CYP1B1,rep2,35.5,23.124900726259096,220.58636,0.26672977,33
CYP1B1,rep2,36.0,23.09601549580478,216.0892,0.10125325,39
CYP1B1,rep2,36.5,23.09930330944482,218.39337,0.037904073,43
CYP1B1,rep2,37.0,23.07415550682572,218.17377,0.1369114,46
CYP1B1,rep2,37.5,23.01228398443449,214.17847,0.19382596,36
CYP1B1,rep2,38.0,23.001193612007455,215.55212,0.124060325,48
CYP1B1,rep2,38.5,22.939019365581213,214.16919,0.185568,36
CYP1B1,rep2,39.0,23.079542992118597,216.72122,0.17276657,39
CYP1B1,rep2,39.5,23.030734278030103,214.94199,0.17341284,37
CYP1B1,rep2,40.0,23.09335851556988,216.85095,0.36826324,27
CYP1B1,rep2,40.5,23.117117370778306,218.58008,0.09275572,43
CYP1B1,rep2,41.0,23.046037885284704,216.05174,0.10128589,40
CYP1B1,rep2,41.5,23.179658353350515,219.03412,0.28023243,34
CYP1B1,rep2,42.0,23.124442521184957,219.26762,0.20987391,38
CYP1B1,rep2,42.5,23.197528407307964,219.35703,0.29909658,40
CYP1B1,rep2,43.0,22.965526288358742,216.55899,0.10374799,49
CYP1B1,rep2,43.5,23.081012705788897,216.9145,0.06344442,39
CYP1B1,rep2,44.0,23.073226155207248,219.75552,0.17889857,37
CYP1B1,rep2,44.5,23.092753540106557,218.11563,0.16505139,42
CYP1B1,rep2,45.0,23.00963620394855,218.26424,0.09898567,37
CYP1B1,rep2,45.5,23.017334275171244,216.8068,0.14076018,35
CYP1B1,rep2,46.0,22.92733488539217,215.0047,0.31080335,29
CYP1B1,rep2,46.5,23.15804058717607,217.09564,0.13242754,40
CYP1B1,rep2,47.0,23.011991839979547,219.50867,0.17276245,39
CYP1B1,rep2,47.5,23.076736995143044,219.6918,0.181901,32
CYP1B1,rep2,48.0,23.0285360087507,216.1977,0.15525909,34
CYP1B1,rep2,48.5,22.944376118123856,216.81937,0.19137885,37
CYP1B1,rep2,49.0,22.983507827628355,213.13841,0.11398501,36
CYP1B1,rep2,49.5,23.048395924859975,213.87503,0.26979104,33
CYP1B1,rep2,50.0,23.017824398860107,212.88278,0.2564747,35
CYP1B1,rep2,50.5,23.00190361819425,217.2047,0.20410256,37
CYP1B1,rep2,51.0,23.065675637411424,215.45956,0.19128224,43
CYP1B1,rep2,51.5,23.151639020880506,219.22728,0.16486979,40
CYP1B1,rep2,52.0,23.115102037023846,215.20561,0.26844716,32
CYP1B1,rep2,52.5,23.10570700723754,215.95293,0.20736168,38
CYP1B1,rep2,53.0,23.08514648288018,217.83002,0.10255479,36
CYP1B1,rep2,53.5,23.04860202975833,216.78204,0.15092464,42
CYP1B1,rep2,54.0,23.03621500354592,221.53427,0.28554398,28
CYP1B1,rep2,54.5,22.971975225632807,217.33383,0.1587852,24
CYP1B1,rep2,55.0,22.96317779836061,217.57939,0.22388296,34
CYP1B1,rep2,55.5,23.174788955497526,222.60217,0.2976925,35
CYP1B1,rep2,56.0,23.069994237306535,218.66629,0.20502119,36
CYP1B1,rep2,56.5,22.979447364554698,216.84756,0.197944,33
CYP1B1,rep2,57.0,23.07709540880306,217.26102,0.2664819,32
CYP1B1,rep2,57.5,23.137493109689146,216.66177,0.37520048,28
CYP1B1,rep2,58.0,23.00218552109797,216.4211,0.2263046,29
CYP1B1,rep2,58.5,23.12697726562451,219.45879,0.32851976,35
CYP1B1,rep2,59.0,23.040768719481694,220.25667,0.27788585,33
CYP1B1,rep2,59.5,23.107696556260425,219.04599,0.34774616,37
CYP1B1,rep2,60.0,23.099407782813994,217.92421,0.37355724,35
CYP1B1,rep2,60.5,22.95269819305563,216.97076,0.2615997,33
CYP1B1,rep2,61.0,23.002018878219207,216.01077,0.22874992,35
CYP1B1,rep2,61.5,22.947408732925076,218.00504,0.20051482,29
CYP1B1,rep2,62.0,23.006870056663317,216.53851,0.37274006,33
CYP1B1,rep2,62.5,23.02547870776742,214.84128,0.26270887,35
CYP1B1,rep2,63.0,22.989423030285998,214.7489,0.22737308,28
CYP1B1,rep2,63.5,22.935107958739724,213.6868,0.2577801,29
CYP1B1,rep2,64.0,23.05378400534789,218.97821,0.2137257,34
CYP1B1,rep2,64.5,22.985174407119455,218.11066,0.3629925,33
CYP1B1,rep2,65.0,22.950066416249207,218.77347,0.22175397,33
CYP1B1,rep2,65.5,22.985206217187027,220.24112,0.3179705,33
CYP1B1,rep2,66.0,22.985105533144583,216.8323,0.43159467,28
CYP1B1,rep2,66.5,23.00150268603091,220.32878,0.31468567,34
CYP1B1,rep2,67.0,23.045067508398272,221.44159,0.24505351,37
CYP1B1,rep2,67.5,23.0877088651592,220.84799,0.30628175,32
CYP1B1,rep2,68.0,23.14887921963496,219.4079,0.3881232,29
CYP1B1,rep2,68.5,23.05271995748345,217.82372,0.23960093,35
CYP1B1,rep2,69.0,23.130596837946406,221.14069,0.31269726,35
CYP1B1,rep2,69.5,23.14772385014535,222.53232,0.37149853,30
CYP1B1,rep2,70.0,23.17864790262074,222.83926,0.38560933,29
CYP1B1,rep2,70.5,23.18013147086684,220.40775,0.46300676,27
CYP1B1,rep2,71.0,23.09328045132792,216.20938,0.2753526,29
CYP1B1,rep2,71.5,23.099133357756205,218.78693,0.24063875,30
CYP1B1,rep2,72.0,23.249163200273895,222.68544,0.25353286,33
CYP1B1,rep2,72.5,23.12955386451044,221.25352,0.20091069,33
CYP1B1,rep2,73.0,23.165785987011418,221.0036,0.14880303,35
CYP1B1,rep2,73.5,23.267476942940128,221.38377,0.32582852,29
CYP1B1,rep2,74.0,23.12699243353662,223.32416,0.2492573,27
CYP1B1,rep2,74.5,23.103109696036622,221.36713,0.16231525,32
CYP1B1,rep2,75.0,23.19591754204483,221.86932,0.18435924,35
CYP1B1,rep2,75.5,23.168520448467852,221.50449,0.20819819,36
CYP1B1,rep2,76.0,23.128134536328236,220.96504,0.27215463,30
CYP1B1,rep2,76.5,23.119860086196997,221.76448,0.16809416,36
CYP1B1,rep2,77.0,23.143714066287473,222.5028,0.22362584,34
CYP1B1,rep2,77.5,23.085207318243775,222.84409,0.16079952,35
CYP1B1,rep2,78.0,23.20465923227975,220.93105,0.24305567,31
CYP1B1,rep2,78.5,23.156219108509532,221.72888,0.08385333,38
CYP1B1,rep2,79.0,23.059889187132878,217.94528,0.1979056,31
CYP1B1,rep2,79.5,23.119071886155126,219.3462,0.16049442,35
CYP1B1,rep2,80.0,23.09703816708081,219.78114,0.18855406,37
CYP1B1,rep2,80.5,23.217235142185423,222.62598,0.2487233,36
CYP1B1,rep2,81.0,23.020416524909024,219.1853,0.15469457,37
CYP1B1,rep2,81.5,23.167177073785155,224.04028,0.15658899,38
CYP1B1,rep2,82.0,23.125149359657918,218.16483,0.2128546,38
CYP1B1,rep2,82.5,23.019539498925102,217.48917,0.2665432,35
CYP1B1,rep2,83.0,23.108065260044217,220.56891,0.20814098,42
CYP1B1,rep2,83.5,23.061430348616142,220.32507,0.22489764,39
CYP1B1,rep2,84.0,23.072327404825014,220.01796,0.15891366,38
CYP1B1,rep2,84.5,23.09452425662951,219.63011,0.20691688,35
CYP1B1,rep2,85.0,23.136122386294318,222.025,0.1555126,37
CYP1B1,rep2,85.5,23.092026138143417,220.27322,0.23493265,33
CYP1B1,rep2,86.0,23.077353541119408,219.05304,0.31011635,38
CYP1B1,rep2,86.5,23.11918037603577,218.39929,0.24314739,35
CYP1B1,rep2,87.0,23.079535641390265,220.9478,0.32586497,33
CYP1B1,rep2,87.5,23.106629278224837,219.87244,0.25665975,32
CYP1B1,rep2,88.0,23.05312365828413,219.57574,0.064973176,37
CYP1B1,rep2,88.5,23.082171857424342,218.99225,0.16718727,33
CYP1B1,rep2,89.0,22.9880623271902,217.55873,0.15112343,37
CYP1B1,rep2,89.5,22.977371091460263,218.18059,0.30367756,28
CYP1B1,rep2,90.0,23.059673532124144,220.49709,0.12431616,32
CYP1B1,rep2,90.5,23.068931822071054,220.66823,0.17866835,37
CYP1B1,rep2,91.0,23.088527898024594,221.04909,0.091798544,34
CYP1B1,rep2,91.5,23.04043179994568,219.39575,0.16455682,37
CYP1B1,rep2,92.0,23.135073832090725,223.3022,0.19581181,34
CYP1B1,rep2,92.5,23.186342595768288,221.06628,0.13874625,35
CYP1B1,rep2,93.0,23.199487944847192,222.31055,0.1380105,39
CYP1B1,rep2,93.5,23.088549464482668,218.22049,0.33190078,33
CYP1B1,rep2,94.0,23.075961643037456,219.49054,0.086313225,44
CYP1B1,rep2,94.5,23.161987838764205,220.90189,0.16174676,36
CYP1B1,rep2,95.0,23.181657739864264,219.94212,0.20003751,33
CYP1B1,rep2,95.5,23.119009294597845,217.21725,0.25654498,40
CYP1B1,rep2,96.0,23.080191660378915,216.61984,0.0648923,38
CYP1B1,rep2,96.5,23.111010304915737,217.44073,0.12227572,35
CYP1B1,rep2,97.0,23.14101321869289,219.77931,0.23660573,34
CYP1B1,rep2,97.5,23.163424575878434,222.25824,0.12269051,38
CYP1B1,rep2,98.0,23.101849941002797,217.10715,0.13311547,38
CYP1B1,rep2,98.5,23.141186428596477,217.80914,0.1205306,33
CYP1B1,rep2,99.0,23.05849673547831,218.18822,0.17335159,43
CYP1B1,rep2,99.5,23.08300682823202,218.53996,0.1337745,37
CYP1B1,rep3,0.0,22.862320770639034,213.3193,0.20680392,41
CYP1B1,rep3,0.5,22.832692115882768,210.9378,0.08333278,33
CYP1B1,rep3,1.0,22.82759497591638,212.60059,0.17057467,39
CYP1B1,rep3,1.5,22.896813169922105,214.13055,0.21382445,33
CYP1B1,rep3,2.0,22.86689761018814,213.75833,0.1386145,42
CYP1B1,rep3,2.5,22.98353097208838,215.79486,0.47227463,33
CYP1B1,rep3,3.0,22.99034909563501,215.4909,0.3511173,41
CYP1B1,rep3,3.5,22.89569496589376,211.74973,0.38789362,37
CYP1B1,rep3,4.0,22.991076418734885,215.01706,0.39510924,30
CYP1B1,rep3,4.5,22.95162635340423,215.3985,0.3755173,30
CYP1B1,rep3,5.0,23.04272583941417,217.02655,0.32857403,32
CYP1B1,rep3,5.5,22.95405375219286,218.88289,0.25049797,33
CYP1B1,rep3,6.0,23.00440822714385,215.8382,0.2670609,32
CYP1B1,rep3,6.5,23.074967161824556,215.5636,0.43902797,27
CYP1B1,rep3,7.0,22.997486312781476,217.3475,0.35982457,35
CYP1B1,rep3,7.5,23.06795370256934,215.8989,0.4299784,30
CYP1B1,rep3,8.0,23.08868721472425,216.07582,0.36712468,33
CYP1B1,rep3,8.5,23.083995643101098,213.79454,0.5124636,28
CYP1B1,rep3,9.0,23.115584392951767,218.27405,0.5430318,24
CYP1B1,rep3,9.5,23.15076418272826,215.40277,0.47929642,26
CYP1B1,rep3,10.0,23.014150634978957,213.01859,0.4377438,23
CYP1B1,rep3,10.5,23.021851483621187,216.21234,0.4613603,23
CYP1B1,rep3,11.0,22.93596887762003,210.32098,0.34753335,32
CYP1B1,rep3,11.5,23.090055195700252,213.87592,0.34570286,28
CYP1B1,rep3,12.0,22.931742087939952,211.3893,0.3535203,30
CYP1B1,rep3,12.5,22.99081632107452,211.51312,0.3377246,34
CYP1B1,rep3,13.0,23.019927493306106,214.19482,0.4676903,26
CYP1B1,rep3,13.5,23.02284176527038,209.95287,0.42123124,22
CYP1B1,rep3,14.0,22.99024190837188,211.84549,0.4684411,26
CYP1B1,rep3,14.5,23.012914004834442,214.4571,0.43732402,32
CYP1B1,rep3,15.0,23.03157695372144,218.50903,0.4374655,27
CYP1B1,rep3,15.5,23.059546063528273,215.80795,0.5146293,29
CYP1B1,rep3,16.0,23.12724098945565,216.46951,0.51998675,28
CYP1B1,rep3,16.5,23.068230340873022,214.93747,0.42876437,27
CYP1B1,rep3,17.0,23.145206684817346,219.01805,0.53750914,26
CYP1B1,rep3,17.5,23.038029573130746,215.88646,0.5297626,29
CYP1B1,rep3,18.0,23.026307218396987,210.06915,0.38109145,32
CYP1B1,rep3,18.5,22.9307810121006,209.96674,0.37603182,27
CYP1B1,rep3,19.0,23.034065591010776,211.85573,0.33137342,34
CYP1B1,rep3,19.5,23.011784405160327,212.59111,0.48696935,26
CYP1B1,rep3,20.0,23.11666686921899,215.43358,0.34589997,28
CYP1B1,rep3,20.5,23.007839122697767,213.64998,0.5311136,26
CYP1B1,rep3,21.0,23.073950631692068,214.38861,0.3773539,26
CYP1B1,rep3,21.5,23.07361209240564,213.81699,0.28373152,26
CYP1B1,rep3,22.0,23.05963366835485,214.50803,0.29309,33
CYP1B1,rep3,22.5,23.028348053747465,217.32132,0.2736274,35
CYP1B1,rep3,23.0,22.956272645333918,215.00267,0.2705487,29
CYP1B1,rep3,23.5,23.000413406131216,214.2998,0.1765731,37
CYP1B1,rep3,24.0,23.09490606431494,213.20152,0.2278833,30
CYP1B1,rep3,24.5,23.06131621581956,217.80045,0.34634095,31
CYP1B1,rep3,25.0,23.05167456112744,216.97675,0.25425872,34
CYP1B1,rep3,25.5,23.01992104693825,218.71242,0.2628029,37
CYP1B1,rep3,26.0,22.889810846144186,212.66669,0.099611506,39
CYP1B1,rep3,26.5,22.963172492813307,212.87384,0.28567427,34
CYP1B1,rep3,27.0,23.00688565918979,213.73495,0.2549564,32
CYP1B1,rep3,27.5,22.935153114026427,211.84444,0.11818232,39
CYP1B1,rep3,28.0,22.971268458170336,217.91458,0.1989479,37
CYP1B1,rep3,28.5,23.01987806863589,215.36075,0.16168258,32
CYP1B1,rep3,29.0,22.940666242307294,214.14603,0.16525826,37
CYP1B1,rep3,29.5,23.02864325064776,215.55724,0.24361426,38
CYP1B1,rep3,30.0,22.93315024966215,211.78207,0.18717843,35
CYP1B1,rep3,30.5,23.013580081079432,216.87962,0.20825729,31
CYP1B1,rep3,31.0,23.02043539982796,215.61057,0.19169076,40
CYP1B1,rep3,31.5,23.000698575008126,213.73978,0.25177988,41
CYP1B1,rep3,32.0,22.954970739899547,215.86131,0.17907292,38
CYP1B1,rep3,32.5,23.065628054708075,215.9191,0.24757701,38
CYP1B1,rep3,33.0,23.00620949831866,214.203,0.32383856,36
CYP1B1,rep3,33.5,23.024571619776594,212.92657,0.4371521,30
CYP1B1,rep3,34.0,22.956243817660912,213.89693,0.31455854,33
CYP1B1,rep3,34.5,22.989501733716327,214.87518,0.24264722,34
CYP1B1,rep3,35.0,23.0764360273104,219.48682,0.28995898,35
CYP1B1,rep3,35.5,23.11548595328884,217.11465,0.24817948,40
CYP1B1,rep3,36.0,23.107515688635843,218.79993,0.18603915,40
CYP1B1,rep3,36.5,23.114205456992515,216.50836,0.24433199,39
CYP1B1,rep3,37.0,23.05804524899166,218.92307,0.11437131,41
CYP1B1,rep3,37.5,23.03514453774755,217.65924,0.05571635,34
CYP1B1,rep3,38.0,23.09054292408108,216.91551,0.30764836,37
CYP1B1,rep3,38.5,23.000796325227345,211.91928,0.4248803,33
CYP1B1,rep3,39.0,23.048253752063918,212.31699,0.24432296,38
CYP1B1,rep3,39.5,23.088607813069583,214.34036,0.2571358,38
CYP1B1,rep3,40.0,23.08025830627261,213.65273,0.15228353,31
CYP1B1,rep3,40.5,23.018927185619074,211.75626,0.29813078,36
CYP1B1,rep3,41.0,23.03515254342125,214.3797,0.21989729,36
CYP1B1,rep3,41.5,23.055656329751663,213.36801,0.11242191,44
CYP1B1,rep3,42.0,22.998801577667344,214.3206,0.19038814,38
CYP1B1,rep3,42.5,23.04470552147167,213.70135,0.18038924,33
CYP1B1,rep3,43.0,23.138057805650757,220.25745,0.18781751,33
CYP1B1,rep3,43.5,23.04932435365293,213.393,0.14546353,43
CYP1B1,rep3,44.0,23.033585505849725,211.75325,0.19441321,44
CYP1B1,rep3,44.5,22.969184762951237,208.72726,0.22249757,35
CYP1B1,rep3,45.0,22.95219593654052,212.143,0.38948512,34
CYP1B1,rep3,45.5,22.974712975898868,209.3388,0.3173545,35
CYP1B1,rep3,46.0,23.035522081177426,209.64928,0.2848107,37
CYP1B1,rep3,46.5,22.973938238118055,211.77759,0.36884695,29
CYP1B1,rep3,47.0,22.996041115696745,213.73615,0.3128137,40
CYP1B1,rep3,47.5,23.051705713665925,211.3659,0.26880324,32
CYP1B1,rep3,48.0,22.933485997465812,209.94247,0.24931996,38
CYP1B1,rep3,48.5,22.9062585335249,209.69194,0.18190931,39
CYP1B1,rep3,49.0,22.924325102785858,208.16992,0.0669298,35
CYP1B1,rep3,49.5,22.8729292376342,207.47308,0.1983899,40
CYP1B1,rep3,50.0,22.8975668648533,208.24176,0.24802455,42
CYP1B1,rep3,50.5,22.963217859230664,211.76625,0.28190517,37
CYP1B1,rep3,51.0,22.827917395097902,210.2261,0.16889946,42
CYP1B1,rep3,51.5,22.96544455879043,209.40137,0.13222969,37
CYP1B1,rep3,52.0,22.985629360084438,212.3662,0.22243455,39
CYP1B1,rep3,52.5,23.064848413109328,213.34021,0.35924757,34
CYP1B1,rep3,53.0,22.95924371740639,210.89743,0.32116556,31
CYP1B1,rep3,53.5,22.944943874808775,208.04797,0.116844535,34
CYP1B1,rep3,54.0,22.9906797512023,210.42557,0.3340393,35
CYP1B1,rep3,54.5,23.022287314894445,211.9733,0.22222476,40
CYP1B1,rep3,55.0,23.00018927846178,213.09323,0.22211419,41
CYP1B1,rep3,55.5,22.975862669261492,210.82634,0.16195685,36
CYP1B1,rep3,56.0,23.00854192101925,213.95865,0.35473743,22
CYP1B1,rep3,56.5,22.914173388708654,213.00998,0.16305599,35
CYP1B1,rep3,57.0,22.91443007530171,214.46866,0.22797792,33
CYP1B1,rep3,57.5,23.010889319515023,210.39832,0.21336989,37
CYP1B1,rep3,58.0,23.00416556667615,212.8385,0.18432201,33
CYP1B1,rep3,58.5,22.99523302310286,212.29805,0.30898675,35
CYP1B1,rep3,59.0,22.97631090538865,211.3807,0.196313,37
CYP1B1,rep3,59.5,23.00841944433122,212.50937,0.19692594,36
CYP1B1,rep3,60.0,22.971448239883323,209.98083,0.20211942,36
CYP1B1,rep3,60.5,22.953378312049914,210.68604,0.38741946,31
CYP1B1,rep3,61.0,22.93129321749732,212.0763,0.3409551,36
CYP1B1,rep3,61.5,22.980744663738065,212.08273,0.24337368,33
CYP1B1,rep3,62.0,23.05121058009815,211.82304,0.26278153,32
CYP1B1,rep3,62.5,23.003363117871565,211.40114,0.33936626,30
CYP1B1,rep3,63.0,22.957992262054,209.51558,0.2162058,35
CYP1B1,rep3,63.5,22.99643282775356,209.23114,0.25023797,38
CYP1B1,rep3,64.0,22.980284008966443,212.60414,0.13780446,37
CYP1B1,rep3,64.5,22.89624135269156,211.14198,0.19417024,38
CYP1B1,rep3,65.0,22.97681462103831,213.31467,0.1499466,33
CYP1B1,rep3,65.5,22.939244460048066,208.22559,0.1728481,40
CYP1B1,rep3,66.0,22.99484226277918,211.29745,0.23360221,31
CYP1B1,rep3,66.5,23.00565258945158,212.39749,0.1343677,41
CYP1B1,rep3,67.0,22.998971921976974,210.30763,0.18694882,30
CYP1B1,rep3,67.5,23.04732281288803,213.5795,0.1750847,37
CYP1B1,rep3,68.0,22.97246647541284,211.43968,0.22110377,32
CYP1B1,rep3,68.5,22.923094774960028,211.45435,0.07950364,42
CYP1B1,rep3,69.0,22.97053570743166,212.71614,0.2359251,34
CYP1B1,rep3,69.5,23.00243156075787,211.76534,0.19763413,38
CYP1B1,rep3,70.0,22.943949686888413,210.30264,0.1686906,36
CYP1B1,rep3,70.5,23.012257876699035,212.42615,0.124645546,35
CYP1B1,rep3,71.0,23.004484981887714,209.7809,0.21779874,32
CYP1B1,rep3,71.5,23.0059843184776,213.03406,0.2958455,37
CYP1B1,rep3,72.0,22.976856069572737,210.91165,0.29525754,36
CYP1B1,rep3,72.5,23.056962726627184,212.1926,0.26770055,34
CYP1B1,rep3,73.0,23.08218690402353,213.16515,0.31535295,33
CYP1B1,rep3,73.5,22.986963821849113,211.54184,0.18285711,35
CYP1B1,rep3,74.0,23.010094005465433,212.96284,0.20002961,33
CYP1B1,rep3,74.5,22.989476697287245,210.93979,0.14182061,41
CYP1B1,rep3,75.0,23.047835337351607,213.37718,0.28588265,37
CYP1B1,rep3,75.5,22.96640431969777,214.37958,0.1843704,33
CYP1B1,rep3,76.0,23.01587508343269,213.59604,0.14069134,37
CYP1B1,rep3,76.5,22.99751266083866,212.16116,0.14109635,41
CYP1B1,rep3,77.0,23.04623375882146,213.60896,0.15882905,42
CYP1B1,rep3,77.5,23.005074679285027,210.55862,0.16332208,39
CYP1B1,rep3,78.0,22.923094798622824,211.7799,0.1365332,39
CYP1B1,rep3,78.5,23.08065607265915,213.9271,0.21463142,30
CYP1B1,rep3,79.0,23.12910852840499,215.7616,0.25923437,30
CYP1B1,rep3,79.5,23.08444025791546,214.82626,0.17152247,39
CYP1B1,rep3,80.0,23.043542262186946,214.64342,0.1924806,33
CYP1B1,rep3,80.5,22.97803937569175,213.1759,0.167004,38
CYP1B1,rep3,81.0,23.06505224554304,211.87497,0.24484384,33
CYP1B1,rep3,81.5,22.952769161726167,209.89885,0.18583225,34
CYP1B1,rep3,82.0,22.92282633617512,211.59718,0.117391355,37
CYP1B1,rep3,82.5,22.955432497889912,210.92807,0.3690328,35
CYP1B1,rep3,83.0,22.96786851433806,210.34561,0.23319937,37
CYP1B1,rep3,83.5,23.029341545458873,211.86856,0.26415512,34
CYP1B1,rep3,84.0,23.042919557025243,211.32463,0.2845209,32
CYP1B1,rep3,84.5,22.97154989118381,213.36887,0.13453689,38
CYP1B1,rep3,85.0,23.064095195486626,217.96594,0.2618958,35
CYP1B1,rep3,85.5,22.97912704437284,211.90804,0.21396452,33
CYP1B1,rep3,86.0,22.976193308188666,212.46584,0.3141048,28
CYP1B1,rep3,86.5,23.05547216391922,211.57285,0.14948516,41
CYP1B1,rep3,87.0,22.974587254278973,211.6133,0.25148347,31
CYP1B1,rep3,87.5,23.030407853505842,210.75684,0.2053502,39
CYP1B1,rep3,88.0,23.02682876471255,213.63696,0.14577655,31
CYP1B1,rep3,88.5,22.916000292738907,210.83234,0.18825722,35
CYP1B1,rep3,89.0,22.97864358831388,213.51883,0.1875027,33
CYP1B1,rep3,89.5,22.97901929701384,212.45486,0.13917936,31
CYP1B1,rep3,90.0,23.00487642558723,214.11504,0.106379524,39
CYP1B1,rep3,90.5,22.922289243196996,212.18117,0.13739255,40
CYP1B1,rep3,91.0,23.06206549561899,215.59534,0.18654695,33
CYP1B1,rep3,91.5,22.983212808036825,212.10233,0.115121126,39
CYP1B1,rep3,92.0,22.954528676875462,212.5987,0.25389412,36
CYP1B1,rep3,92.5,22.983358667242623,215.35298,0.17126894,34
CYP1B1,rep3,93.0,22.98196619022007,212.0595,0.14296052,35
CYP1B1,rep3,93.5,22.94194687916036,212.08255,0.27738392,29
CYP1B1,rep3,94.0,22.97448657700127,209.30536,0.104637854,32
CYP1B1,rep3,94.5,22.9811344549732,209.46255,0.14136463,33
CYP1B1,rep3,95.0,22.976828182799224,211.81696,0.19016618,38
CYP1B1,rep3,95.5,22.925711137919272,211.82806,0.17180422,33
CYP1B1,rep3,96.0,23.04581888767203,212.7106,0.17143595,33
CYP1B1,rep3,96.5,22.978626325132517,209.83977,0.0705041,36
CYP1B1,rep3,97.0,23.044791876145403,212.60684,0.17055754,37
CYP1B1,rep3,97.5,23.048272041870696,212.47684,0.11992082,32
CYP1B1,rep3,98.0,22.969703351414296,209.06012,0.1382576,38
CYP1B1,rep3,98.5,22.97902650658408,206.86899,0.07213175,39
CYP1B1,rep3,99.0,22.961185469384375,209.01962,0.19035688,33
CYP1B1,rep3,99.5,23.01279807187783,211.74104,0.29188234,31
MAO-B,rep1_rerun2,0.0,23.59907619643025,212.48056,0.112614304,44
MAO-B,rep1_rerun2,0.5,23.56809547188338,210.77652,0.10544497,49
MAO-B,rep1_rerun2,1.0,23.561697987677732,210.33572,0.13506523,44
MAO-B,rep1_rerun2,1.5,23.55842777177636,211.7554,0.099229105,42
MAO-B,rep1_rerun2,2.0,23.595954788955847,210.9826,0.057093315,44
MAO-B,rep1_rerun2,2.5,23.612398063420883,208.78241,0.058453195,51
MAO-B,rep1_rerun2,3.0,23.577971691009484,207.26782,0.07703644,47
MAO-B,rep1_rerun2,3.5,23.542033920102604,205.53749,0.099548005,50
MAO-B,rep1_rerun2,4.0,23.53361918211517,206.49625,0.12257532,42
MAO-B,rep1_rerun2,4.5,23.468779344291747,206.41052,0.03815886,43
MAO-B,rep1_rerun2,5.0,23.55398814674773,209.91077,0.07082431,45
MAO-B,rep1_rerun2,5.5,23.43899007891539,207.49518,0.043421883,36
MAO-B,rep1_rerun2,6.0,23.4243373326454,207.68915,0.023002157,44
MAO-B,rep1_rerun2,6.5,23.352293061780557,208.37132,0.12317932,30
MAO-B,rep1_rerun2,7.0,23.370225163496386,206.62617,0.06886917,46
MAO-B,rep1_rerun2,7.5,23.43570250739363,208.72644,0.06740942,34
MAO-B,rep1_rerun2,8.0,23.537399498341287,210.27885,0.08147113,35
MAO-B,rep1_rerun2,8.5,23.39873438246648,211.79272,0.110031754,45
MAO-B,rep1_rerun2,9.0,23.41878284178747,205.13596,0.077456556,38
MAO-B,rep1_rerun2,9.5,23.37016832142766,207.09142,0.044313107,34
MAO-B,rep1_rerun2,10.0,23.421853540803326,212.03764,0.091182046,43
MAO-B,rep1_rerun2,10.5,23.42150059387138,210.1922,0.056669936,38
MAO-B,rep1_rerun2,11.0,23.378040241829666,210.24367,0.02748477,44
MAO-B,rep1_rerun2,11.5,23.412596094715553,208.92404,0.023916135,33
MAO-B,rep1_rerun2,12.0,23.509913511815164,209.84772,0.069926836,39
MAO-B,rep1_rerun2,12.5,23.48644448662565,207.4144,0.03488346,38
MAO-B,rep1_rerun2,13.0,23.397137262985602,207.26328,0.03454173,46
MAO-B,rep1_rerun2,13.5,23.403507213385716,208.5625,0.04869907,48
MAO-B,rep1_rerun2,14.0,23.41753087590964,205.65652,0.046430018,34
MAO-B,rep1_rerun2,14.5,23.359806225430834,206.08405,0.05313447,48
MAO-B,rep1_rerun2,15.0,23.380396062317537,207.42416,0.031902764,42
MAO-B,rep1_rerun2,15.5,23.4081186671588,210.49454,0.038963027,43
MAO-B,rep1_rerun2,16.0,23.440813302011026,206.60068,0.08544706,45
MAO-B,rep1_rerun2,16.5,23.416426798114898,206.13528,0.104865365,48
MAO-B,rep1_rerun2,17.0,23.358743770952103,205.85188,0.07176869,46
MAO-B,rep1_rerun2,17.5,23.453653045809155,208.26468,0.031919256,44
MAO-B,rep1_rerun2,18.0,23.47016552629104,206.64294,0.13490336,45
MAO-B,rep1_rerun2,18.5,23.483899099956645,206.16324,0.07482298,37
MAO-B,rep1_rerun2,19.0,23.55285364174735,209.57257,0.05935377,45
MAO-B,rep1_rerun2,19.5,23.59357959988794,213.05751,0.11597204,41
MAO-B,rep1_rerun2,20.0,23.41973333071843,207.56314,0.04611648,37
MAO-B,rep1_rerun2,20.5,23.470577500455136,207.97052,0.12350331,46
MAO-B,rep1_rerun2,21.0,23.36941666888498,205.11342,0.066476054,48
MAO-B,rep1_rerun2,21.5,23.430227975538603,205.49478,0.031914573,36
MAO-B,rep1_rerun2,22.0,23.488526717264662,208.88875,0.039847925,45
MAO-B,rep1_rerun2,22.5,23.43229343977708,208.79298,0.13234657,38
MAO-B,rep1_rerun2,23.0,23.36226429573937,203.15532,0.039937425,38
MAO-B,rep1_rerun2,23.5,23.471485296817598,203.43587,0.058016583,46
MAO-B,rep1_rerun2,24.0,23.50534617051972,206.39236,0.1150866,46
MAO-B,rep1_rerun2,24.5,23.56300457198802,208.06363,0.05771472,40
MAO-B,rep1_rerun2,25.0,23.57985554658002,208.8474,0.13245477,41
MAO-B,rep1_rerun2,25.5,23.48615052499232,206.05588,0.030205067,45
MAO-B,rep1_rerun2,26.0,23.51578534281835,207.51964,0.12270461,46
MAO-B,rep1_rerun2,26.5,23.48124946044138,210.07544,0.03169198,47
MAO-B,rep1_rerun2,27.0,23.509680872110064,211.13676,0.15702708,47
MAO-B,rep1_rerun2,27.5,23.47218070902077,209.7011,0.10721013,43
MAO-B,rep1_rerun2,28.0,23.54483639871471,212.80493,0.037494224,38
MAO-B,rep1_rerun2,28.5,23.55866421654527,210.27136,0.07636874,45
MAO-B,rep1_rerun2,29.0,23.51813096939207,209.64742,0.16492936,42
MAO-B,rep1_rerun2,29.5,23.542664049568515,208.50574,0.11891624,38
MAO-B,rep1_rerun2,30.0,23.567999421570555,210.56697,0.104109734,42
MAO-B,rep1_rerun2,30.5,23.66664045573456,212.30707,0.075830884,41
MAO-B,rep1_rerun2,31.0,23.708160563008942,213.83667,0.13606985,38
MAO-B,rep1_rerun2,31.5,23.601953704049695,213.26712,0.05792159,41
MAO-B,rep1_rerun2,32.0,23.643132906784526,209.64311,0.15141857,39
MAO-B,rep1_rerun2,32.5,23.49589945733078,210.79068,0.11461708,41
MAO-B,rep1_rerun2,33.0,23.45533496067695,209.40086,0.11244199,48
MAO-B,rep1_rerun2,33.5,23.563664772079807,211.86069,0.18900807,44
MAO-B,rep1_rerun2,34.0,23.531581525483766,209.40038,0.1399847,42
MAO-B,rep1_rerun2,34.5,23.668432297402745,214.35522,0.08483776,45
MAO-B,rep1_rerun2,35.0,23.510361704215583,206.09894,0.06850531,37
MAO-B,rep1_rerun2,35.5,23.447197276594732,207.2333,0.18622273,40
MAO-B,rep1_rerun2,36.0,23.54971601854271,214.26778,0.08977593,44
MAO-B,rep1_rerun2,36.5,23.636421803974788,216.26501,0.1729195,45
MAO-B,rep1_rerun2,37.0,23.560661693688512,213.57918,0.10946915,46
MAO-B,rep1_rerun2,37.5,23.56192822000274,209.83655,0.19896883,39
MAO-B,rep1_rerun2,38.0,23.547478410613113,207.43318,0.15575235,43
MAO-B,rep1_rerun2,38.5,23.520237633411543,209.22696,0.11518562,43
MAO-B,rep1_rerun2,39.0,23.521357673499995,209.92844,0.14289778,40
MAO-B,rep1_rerun2,39.5,23.569867021038824,213.5354,0.1382671,40
MAO-B,rep1_rerun2,40.0,23.50559934819237,209.54965,0.09667692,44
MAO-B,rep1_rerun2,40.5,23.571447820896772,210.97612,0.10949255,37
MAO-B,rep1_rerun2,41.0,23.63065299168929,211.37543,0.15439667,48
MAO-B,rep1_rerun2,41.5,23.584652904551227,206.6449,0.13173155,45
MAO-B,rep1_rerun2,42.0,23.544644015980086,207.32303,0.055273894,40
MAO-B,rep1_rerun2,42.5,23.584462211868363,211.12637,0.08705635,51
MAO-B,rep1_rerun2,43.0,23.50208566876954,206.76028,0.12839894,48
MAO-B,rep1_rerun2,43.5,23.55508247081952,210.21797,0.12560298,38
MAO-B,rep1_rerun2,44.0,23.65892504998717,212.84293,0.13624254,44
MAO-B,rep1_rerun2,44.5,23.63801839890821,210.60089,0.153585,42
MAO-B,rep1_rerun2,45.0,23.56922637051358,212.49084,0.09289418,43
MAO-B,rep1_rerun2,45.5,23.488821763779537,210.29578,0.05505118,40
MAO-B,rep1_rerun2,46.0,23.55203757854282,208.49199,0.07481111,39
MAO-B,rep1_rerun2,46.5,23.5584448014508,208.23093,0.09964277,40
MAO-B,rep1_rerun2,47.0,23.548858969711834,208.95493,0.101672806,41
MAO-B,rep1_rerun2,47.5,23.46354143170963,206.871,0.08135964,45
MAO-B,rep1_rerun2,48.0,23.53240451419125,209.16718,0.08046079,41
MAO-B,rep1_rerun2,48.5,23.586032406501296,213.6419,0.08660862,49
MAO-B,rep1_rerun2,49.0,23.57237250724672,212.73859,0.1394851,40
MAO-B,rep1_rerun2,49.5,23.6513516131686,214.98535,0.15983933,45
MAO-B,rep1_rerun2,50.0,23.501403454585116,207.35442,0.102186844,42
MAO-B,rep1_rerun2,50.5,23.687422635866888,215.09947,0.25355497,43
MAO-B,rep1_rerun2,51.0,23.6836676050076,212.97525,0.14072317,42
MAO-B,rep1_rerun2,51.5,23.582659802477494,214.66466,0.09311484,43
MAO-B,rep1_rerun2,52.0,23.511479875677594,211.8236,0.07721107,41
MAO-B,rep1_rerun2,52.5,23.538410201394264,214.17975,0.05176751,41
MAO-B,rep1_rerun2,53.0,23.482740900929965,213.54865,0.10671654,37
MAO-B,rep1_rerun2,53.5,23.527876526544294,211.84016,0.05990445,39
MAO-B,rep1_rerun2,54.0,23.42003114780139,211.50034,0.03238381,50
MAO-B,rep1_rerun2,54.5,23.564434814306104,218.21396,0.06780349,46
MAO-B,rep1_rerun2,55.0,23.571329264567055,217.53116,0.12726605,41
MAO-B,rep1_rerun2,55.5,23.601933293086095,215.111,0.13961014,49
MAO-B,rep1_rerun2,56.0,23.62367593332032,215.6785,0.13839151,40
MAO-B,rep1_rerun2,56.5,23.525694179400425,214.28981,0.045826264,45
MAO-B,rep1_rerun2,57.0,23.534339715588505,214.13675,0.09356798,37
MAO-B,rep1_rerun2,57.5,23.510399588878066,214.18689,0.08043794,44
MAO-B,rep1_rerun2,58.0,23.49805597003813,213.97449,0.08606814,40
MAO-B,rep1_rerun2,58.5,23.50843298458459,213.60216,0.077350385,48
MAO-B,rep1_rerun2,59.0,23.502631349741108,213.34702,0.079018116,39
MAO-B,rep1_rerun2,59.5,23.554393948111503,214.3051,0.1379913,34
MAO-B,rep1_rerun2,60.0,23.533536696318293,208.40405,0.09238366,38
MAO-B,rep1_rerun2,60.5,23.614621227084214,213.83261,0.13087258,38
MAO-B,rep1_rerun2,61.0,23.53587652099624,216.97755,0.12090092,41
MAO-B,rep1_rerun2,61.5,23.671365849526893,214.51857,0.12723346,43
MAO-B,rep1_rerun2,62.0,23.55306409598031,215.20824,0.1014568,47
MAO-B,rep1_rerun2,62.5,23.58230486218848,214.47556,0.07652527,44
MAO-B,rep1_rerun2,63.0,23.487594774226096,211.40164,0.08706881,42
MAO-B,rep1_rerun2,63.5,23.55156268337401,214.80069,0.117159255,43
MAO-B,rep1_rerun2,64.0,23.520268042908576,214.09422,0.08749983,44
MAO-B,rep1_rerun2,64.5,23.619913399692273,215.27945,0.045687262,46
MAO-B,rep1_rerun2,65.0,23.59330408460588,212.69604,0.029196465,45
MAO-B,rep1_rerun2,65.5,23.591062823570496,215.13214,0.10518372,46
MAO-B,rep1_rerun2,66.0,23.616112804519744,213.18872,0.09498808,38
MAO-B,rep1_rerun2,66.5,23.551492963848787,212.65742,0.09598468,45
MAO-B,rep1_rerun2,67.0,23.71839886452241,213.94385,0.09845811,41
MAO-B,rep1_rerun2,67.5,23.621776184121998,214.67563,0.08203456,52
MAO-B,rep1_rerun2,68.0,23.613742533195246,209.73459,0.07668142,37
MAO-B,rep1_rerun2,68.5,23.561750946658414,210.48438,0.08299641,32
MAO-B,rep1_rerun2,69.0,23.58192337091909,211.36746,0.06914777,43
MAO-B,rep1_rerun2,69.5,23.54814659597542,212.26025,0.07602784,41
MAO-B,rep1_rerun2,70.0,23.543188679581615,211.48808,0.08757464,38
MAO-B,rep1_rerun2,70.5,23.53250748332377,210.19568,0.100096464,44
MAO-B,rep1_rerun2,71.0,23.62994831168738,212.74141,0.071284354,40
MAO-B,rep1_rerun2,71.5,23.668932568344285,212.23672,0.075336345,46
MAO-B,rep1_rerun2,72.0,23.589593036708255,211.9216,0.0813876,37
MAO-B,rep1_rerun2,72.5,23.634313651878976,215.7814,0.12424624,43
MAO-B,rep1_rerun2,73.0,23.742485101347253,216.32343,0.067242794,47
MAO-B,rep1_rerun2,73.5,23.57100646930611,209.15184,0.10001988,45
MAO-B,rep1_rerun2,74.0,23.610803677766054,211.37299,0.08026342,32
MAO-B,rep1_rerun2,74.5,23.529671158322614,214.29324,0.11797822,40
MAO-B,rep1_rerun2,75.0,23.700590663343903,212.15321,0.05314528,38
MAO-B,rep1_rerun2,75.5,23.755834564381345,216.2214,0.046487242,36
MAO-B,rep1_rerun2,76.0,23.65722490044825,212.49576,0.06240235,36
MAO-B,rep1_rerun2,76.5,23.677024513610178,215.15303,0.15876506,36
MAO-B,rep1_rerun2,77.0,23.683756854992033,212.52325,0.07695877,36
MAO-B,rep1_rerun2,77.5,23.622804495535675,214.83006,0.1171726,45
MAO-B,rep1_rerun2,78.0,23.689795672724244,213.06374,0.13051727,38
MAO-B,rep1_rerun2,78.5,23.602413201190554,211.67183,0.1258765,39
MAO-B,rep1_rerun2,79.0,23.669475520127268,213.17305,0.06643752,48
MAO-B,rep1_rerun2,79.5,23.70142924781472,211.04916,0.17661202,43
MAO-B,rep1_rerun2,80.0,23.66868671803978,211.33978,0.13383552,42
MAO-B,rep1_rerun2,80.5,23.60558290027757,210.96164,0.04856525,46
MAO-B,rep1_rerun2,81.0,23.62000909843689,209.8628,0.14008556,47
MAO-B,rep1_rerun2,81.5,23.603548598265537,207.9205,0.09414143,40
MAO-B,rep1_rerun2,82.0,23.610406244859856,215.03433,0.090364054,46
MAO-B,rep1_rerun2,82.5,23.649351904590674,215.92378,0.15676534,46
MAO-B,rep1_rerun2,83.0,23.597603183036536,214.78621,0.09428535,38
MAO-B,rep1_rerun2,83.5,23.553325126890805,215.12207,0.08584998,45
MAO-B,rep1_rerun2,84.0,23.53967056061681,212.1532,0.06021133,50
MAO-B,rep1_rerun2,84.5,23.628941991964766,214.36757,0.059769083,43
MAO-B,rep1_rerun2,85.0,23.647153588360162,216.38861,0.13103068,39
MAO-B,rep1_rerun2,85.5,23.628488618945916,215.75537,0.0672463,42
MAO-B,rep1_rerun2,86.0,23.667600660635074,215.39207,0.07244774,43
MAO-B,rep1_rerun2,86.5,23.602639480137913,215.27654,0.07203467,40
MAO-B,rep1_rerun2,87.0,23.622242798959036,208.55142,0.11606311,40
MAO-B,rep1_rerun2,87.5,23.628061262451922,213.11697,0.048955172,42
MAO-B,rep1_rerun2,88.0,23.525248856863982,211.2802,0.06371842,46
MAO-B,rep1_rerun2,88.5,23.622474349486854,214.83319,0.12489408,41
MAO-B,rep1_rerun2,89.0,23.60034273803482,214.36226,0.13160859,47
MAO-B,rep1_rerun2,89.5,23.68069793866443,211.68198,0.1179281,43
MAO-B,rep1_rerun2,90.0,23.637409351785404,211.84113,0.07786456,39
MAO-B,rep1_rerun2,90.5,23.639470153576013,215.51527,0.05238189,41
MAO-B,rep1_rerun2,91.0,23.6577083283653,214.76292,0.0791318,44
MAO-B,rep1_rerun2,91.5,23.606798130996776,215.28516,0.10784122,44
MAO-B,rep1_rerun2,92.0,23.585771808624575,209.76004,0.084941834,37
MAO-B,rep1_rerun2,92.5,23.556689043687168,213.85498,0.05854853,41
MAO-B,rep1_rerun2,93.0,23.626615126809067,214.99388,0.053948864,42
MAO-B,rep1_rerun2,93.5,23.722509706452698,213.04718,0.07928659,41
MAO-B,rep1_rerun2,94.0,23.65196974521536,211.14088,0.043770984,40
MAO-B,rep1_rerun2,94.5,23.686730666832986,210.65257,0.10223851,45
MAO-B,rep1_rerun2,95.0,23.72025055626043,217.88965,0.08617335,39
MAO-B,rep1_rerun2,95.5,23.63958474154108,211.96812,0.08773334,42
MAO-B,rep1_rerun2,96.0,23.75182592684306,213.38022,0.03795124,45
MAO-B,rep1_rerun2,96.5,23.655427975039622,215.1658,0.076840356,37
MAO-B,rep1_rerun2,97.0,23.77297509779888,214.01495,0.06765742,46
MAO-B,rep1_rerun2,97.5,23.662878867432955,212.43466,0.11557144,45
MAO-B,rep1_rerun2,98.0,23.604998170809992,209.74582,0.10997837,41
MAO-B,rep1_rerun2,98.5,23.602782694794033,211.55345,0.05342759,37
MAO-B,rep1_rerun2,99.0,23.63620146900106,212.97264,0.1425262,47
MAO-B,rep1_rerun2,99.5,23.68436977487475,213.2386,0.034879744,44
MAO-B,rep2,0.0,23.442582914824758,207.36014,0.015042992,37
MAO-B,rep2,0.5,23.436363718454594,206.1305,0.045472156,41
MAO-B,rep2,1.0,23.60346667042101,206.81012,0.112380795,36
MAO-B,rep2,1.5,23.631235904265658,210.78232,0.08850454,41
MAO-B,rep2,2.0,23.58990384847258,210.27213,0.08680331,43
MAO-B,rep2,2.5,23.709055160663368,213.64949,0.0982987,39
MAO-B,rep2,3.0,23.73225912668627,214.7893,0.018669503,41
MAO-B,rep2,3.5,23.711771139762416,213.88959,0.12754424,45
MAO-B,rep2,4.0,23.74436960526559,212.887,0.0891765,37
MAO-B,rep2,4.5,23.62642041278455,210.33069,0.06100218,37
MAO-B,rep2,5.0,23.664282801256412,212.40823,0.101816334,40
MAO-B,rep2,5.5,23.71074893441941,214.63887,0.07251165,35
MAO-B,rep2,6.0,23.67056959666357,214.44167,0.11291372,43
MAO-B,rep2,6.5,23.683190448780486,212.08208,0.05938982,47
MAO-B,rep2,7.0,23.66827424082563,212.2706,0.051471263,31
MAO-B,rep2,7.5,23.727471854111304,215.19223,0.02077324,36
MAO-B,rep2,8.0,23.78965335394892,216.98375,0.09824074,40
MAO-B,rep2,8.5,23.780293745279245,215.63504,0.11498283,42
MAO-B,rep2,9.0,23.78916181540646,214.64111,0.07620253,35
MAO-B,rep2,9.5,23.73308170403361,211.682,0.05404523,37
MAO-B,rep2,10.0,23.74391828629104,213.84592,0.08397284,46
MAO-B,rep2,10.5,23.91283900881557,212.7787,0.092987835,39
MAO-B,rep2,11.0,23.755061487444355,211.21973,0.086159304,43
MAO-B,rep2,11.5,23.7817768607174,210.53867,0.044100814,38
MAO-B,rep2,12.0,23.65241467285104,208.87616,0.018626876,42
MAO-B,rep2,12.5,23.714564269597712,209.78503,0.027110636,43
MAO-B,rep2,13.0,23.62602020247539,211.62589,0.01633009,46
MAO-B,rep2,13.5,23.733543794194347,213.97102,0.030473972,36
MAO-B,rep2,14.0,23.728978459452946,210.74078,0.036678944,36
MAO-B,rep2,14.5,23.739578612848113,211.24214,0.052575257,36
MAO-B,rep2,15.0,23.70250209445331,208.92667,0.014581459,35
MAO-B,rep2,15.5,23.723509808814782,211.13812,0.026282327,35
MAO-B,rep2,16.0,23.680193343603886,211.89413,0.010355229,33
MAO-B,rep2,16.5,23.678987396940435,212.30742,0.076121025,40
MAO-B,rep2,17.0,23.734723192021576,210.75932,0.06742286,40
MAO-B,rep2,17.5,23.785291201043222,213.28876,0.00839902,34
MAO-B,rep2,18.0,23.73924475439913,212.38005,0.026649918,34
MAO-B,rep2,18.5,23.761925963637076,213.50421,0.03868323,43
MAO-B,rep2,19.0,23.85929958007731,211.62239,0.072241694,37
MAO-B,rep2,19.5,23.717678401207326,210.17227,0.1285986,34
MAO-B,rep2,20.0,23.784677807231954,212.67697,0.0805742,33
MAO-B,rep2,20.5,23.77550177979569,212.77608,0.044929367,38
MAO-B,rep2,21.0,23.71073086051556,208.38062,0.004466052,40
MAO-B,rep2,21.5,23.697004780789666,211.77135,0.020451795,35
MAO-B,rep2,22.0,23.714206371741366,207.78534,0.06648214,34
MAO-B,rep2,22.5,23.68073590833948,211.98898,0.08697988,44
MAO-B,rep2,23.0,23.54120624716003,209.44263,0.07457774,35
MAO-B,rep2,23.5,23.70498604065155,212.863,0.012705562,35
MAO-B,rep2,24.0,23.557258157559303,208.24559,0.0588403,36
MAO-B,rep2,24.5,23.581928273616214,211.9756,0.046167582,32
MAO-B,rep2,25.0,23.63400767504274,210.80066,0.13194904,31
MAO-B,rep2,25.5,23.732679150866165,213.42847,0.064837135,40
MAO-B,rep2,26.0,23.758890676529127,212.97731,0.08597264,36
MAO-B,rep2,26.5,23.64490779642519,207.32086,0.09664749,38
MAO-B,rep2,27.0,23.62678857767572,208.89047,0.07909477,41
MAO-B,rep2,27.5,23.637793457604307,210.39963,0.06892834,38
MAO-B,rep2,28.0,23.656713877182128,208.1261,0.037569053,38
MAO-B,rep2,28.5,23.830592439718544,216.54208,0.057689898,36
MAO-B,rep2,29.0,23.673310073236294,211.9827,0.011930962,36
MAO-B,rep2,29.5,23.759524746812982,210.59525,0.076354355,31
MAO-B,rep2,30.0,23.80061286270078,210.51428,0.035386775,38
MAO-B,rep2,30.5,23.822835947224252,214.71231,0.092083946,39
MAO-B,rep2,31.0,23.790026442596503,213.0397,0.06954554,39
MAO-B,rep2,31.5,23.80142903840031,214.95328,0.07876958,41
MAO-B,rep2,32.0,23.77006696898995,215.76419,0.1347433,31
MAO-B,rep2,32.5,23.848091674624705,213.40433,0.060608156,34
MAO-B,rep2,33.0,23.830020579094455,212.00272,0.010174195,39
MAO-B,rep2,33.5,23.749709153393297,212.71667,0.07014947,31
MAO-B,rep2,34.0,23.81080898718253,217.25414,0.048731986,33
MAO-B,rep2,34.5,23.726140372843002,211.84158,0.046066143,42
MAO-B,rep2,35.0,23.80287347963154,216.50226,0.014303347,41
MAO-B,rep2,35.5,23.828934426380307,216.78667,0.21238564,39
MAO-B,rep2,36.0,23.906818839505654,219.44522,0.2404213,41
MAO-B,rep2,36.5,23.85717535425264,219.74031,0.35118216,40
MAO-B,rep2,37.0,23.85996639430628,218.19814,0.25490198,38
MAO-B,rep2,37.5,23.958371997941356,220.32968,0.41220585,34
MAO-B,rep2,38.0,23.866897591289195,219.2522,0.45242044,34
MAO-B,rep2,38.5,23.89726654020757,218.1576,0.23369966,44
MAO-B,rep2,39.0,23.784956476681145,216.73833,0.16162795,35
MAO-B,rep2,39.5,23.940270242057405,218.78891,0.32332015,34
MAO-B,rep2,40.0,23.906647546855258,218.87065,0.14256516,30
MAO-B,rep2,40.5,23.85268463748241,216.66727,0.21305126,34
MAO-B,rep2,41.0,23.893896097609463,216.0792,0.29605526,36
MAO-B,rep2,41.5,23.82812914198929,218.24841,0.24134332,35
MAO-B,rep2,42.0,23.879505725347883,219.68259,0.092755355,43
MAO-B,rep2,42.5,23.84599019026728,224.19403,0.09758399,40
MAO-B,rep2,43.0,23.97435751061984,221.64392,0.13707165,40
MAO-B,rep2,43.5,23.882268524264248,217.41255,0.19357559,39
MAO-B,rep2,44.0,23.931120159176796,221.95479,0.29955578,41
MAO-B,rep2,44.5,23.817594524442107,223.58185,0.2880099,42
MAO-B,rep2,45.0,23.8123995190754,221.46216,0.20789155,37
MAO-B,rep2,45.5,23.83925838183732,219.85803,0.21007062,39
MAO-B,rep2,46.0,23.717558097716083,213.67503,0.12903044,43
MAO-B,rep2,46.5,23.793987884305253,217.26505,0.1337988,48
MAO-B,rep2,47.0,23.731712903769747,217.08008,0.13309956,42
MAO-B,rep2,47.5,23.851485785866014,217.35976,0.1824658,40
MAO-B,rep2,48.0,23.788071697303018,214.91867,0.15097597,43
MAO-B,rep2,48.5,23.77689952247184,216.36502,0.097030856,41
MAO-B,rep2,49.0,23.7065860000895,217.11972,0.15021303,40
MAO-B,rep2,49.5,23.807239644012377,217.20367,0.1886884,49
MAO-B,rep2,50.0,23.763837670251906,214.8294,0.06320814,41
MAO-B,rep2,50.5,23.798741043449954,217.68863,0.17641196,44
MAO-B,rep2,51.0,23.760424435325422,214.0397,0.065012634,46
MAO-B,rep2,51.5,23.778212777746326,216.20723,0.25604665,47
MAO-B,rep2,52.0,23.784445077576592,218.5065,0.18257192,42
MAO-B,rep2,52.5,23.80682180726542,216.23357,0.14676781,45
MAO-B,rep2,53.0,23.761657409074633,214.09052,0.23171356,39
MAO-B,rep2,53.5,23.697919489153314,214.48767,0.23202032,42
MAO-B,rep2,54.0,23.74332709467859,214.83998,0.18635911,41
MAO-B,rep2,54.5,23.674773049992464,211.1817,0.15234742,40
MAO-B,rep2,55.0,23.727421308409067,216.20026,0.10046904,38
MAO-B,rep2,55.5,23.758107480104602,215.48233,0.12434927,45
MAO-B,rep2,56.0,23.642080378430684,213.07288,0.117981575,38
MAO-B,rep2,56.5,23.657698926608838,210.50012,0.1517072,41
MAO-B,rep2,57.0,23.707422109924604,215.8086,0.15354608,42
MAO-B,rep2,57.5,23.719960376229764,211.78851,0.12598686,46
MAO-B,rep2,58.0,23.839809607587178,217.26154,0.13330421,33
MAO-B,rep2,58.5,23.82322335811618,212.71585,0.07670147,42
MAO-B,rep2,59.0,23.784458011063986,211.62994,0.075667895,50
MAO-B,rep2,59.5,23.782842753670543,213.44508,0.13547245,35
MAO-B,rep2,60.0,23.810788570188343,212.2117,0.10051185,36
MAO-B,rep2,60.5,23.80201682880947,209.33301,0.11351982,38
MAO-B,rep2,61.0,23.71229751443023,212.04474,0.081956714,42
MAO-B,rep2,61.5,23.874855871566105,214.23918,0.08853255,33
MAO-B,rep2,62.0,23.79132542402489,218.6067,0.13226809,41
MAO-B,rep2,62.5,23.74834013223499,216.12064,0.07359312,39
MAO-B,rep2,63.0,23.77147247697852,215.4978,0.091363855,35
MAO-B,rep2,63.5,23.844383761229814,216.28465,0.06655053,41
MAO-B,rep2,64.0,23.65417163591244,209.88374,0.077237085,40
MAO-B,rep2,64.5,23.79812871483854,215.72014,0.04864578,30
MAO-B,rep2,65.0,23.81361435851821,218.66092,0.09968856,40
MAO-B,rep2,65.5,23.90070606284857,218.46579,0.010169156,41
MAO-B,rep2,66.0,23.789580915495904,216.17679,0.024191257,38
MAO-B,rep2,66.5,23.822655851081347,218.81866,0.049313497,35
MAO-B,rep2,67.0,23.899066582843144,219.47002,0.022740666,42
MAO-B,rep2,67.5,23.81540682059095,216.2319,0.007989235,43
MAO-B,rep2,68.0,23.812067406974222,217.5481,0.06619127,36
MAO-B,rep2,68.5,23.727705489316392,213.37442,0.023517862,42
MAO-B,rep2,69.0,23.82287644846658,214.38144,0.03262757,38
MAO-B,rep2,69.5,23.817448736444735,212.35532,0.037151657,35
MAO-B,rep2,70.0,23.822965860915573,215.14853,0.053511303,33
MAO-B,rep2,70.5,23.781520003223054,211.09569,0.04244468,39
MAO-B,rep2,71.0,23.750147296377072,213.62584,0.050161704,37
MAO-B,rep2,71.5,23.808893802185345,214.49017,0.022405917,44
MAO-B,rep2,72.0,23.747999041920934,212.83167,0.047850937,39
MAO-B,rep2,72.5,23.7178759234974,215.69455,0.03503016,41
MAO-B,rep2,73.0,23.77362815719241,213.27628,0.059046388,42
MAO-B,rep2,73.5,23.77533220192708,213.82144,0.08076973,39
MAO-B,rep2,74.0,23.83475970616616,215.34473,0.070320345,44
MAO-B,rep2,74.5,23.764719224970797,212.34056,0.09499183,41
MAO-B,rep2,75.0,23.730650405412902,209.1614,0.048252244,43
MAO-B,rep2,75.5,23.883033927328867,216.38373,0.06703736,38
MAO-B,rep2,76.0,23.842237209882235,217.0859,0.04926852,37
MAO-B,rep2,76.5,23.77393520409135,213.57162,0.035222195,47
MAO-B,rep2,77.0,23.844080565739837,218.43362,0.034089625,42
MAO-B,rep2,77.5,23.813494433745078,217.61243,0.08333205,40
MAO-B,rep2,78.0,23.82655995959743,217.59279,0.05534545,33
MAO-B,rep2,78.5,23.828370671823524,217.34633,0.048831616,44
MAO-B,rep2,79.0,23.843771089239954,215.62303,0.08548093,38
MAO-B,rep2,79.5,23.963744558029507,218.3461,0.045077607,38
MAO-B,rep2,80.0,23.85740895171374,216.47702,0.050722584,42
MAO-B,rep2,80.5,23.926231270505784,219.09695,0.04742257,43
MAO-B,rep2,81.0,23.93808373791064,220.0553,0.035587985,37
MAO-B,rep2,81.5,23.779163745361664,212.9599,0.042331852,39
MAO-B,rep2,82.0,23.857964720934987,213.54254,0.035771303,43
MAO-B,rep2,82.5,23.76384364355866,209.47525,0.080547236,41
MAO-B,rep2,83.0,23.831188230198272,212.71281,0.0598097,42
MAO-B,rep2,83.5,23.749932362501212,211.09006,0.12225262,41
MAO-B,rep2,84.0,23.640466044208203,209.58704,0.065180704,45
MAO-B,rep2,84.5,23.820465570713317,209.9156,0.10723222,41
MAO-B,rep2,85.0,23.773926452461755,209.65793,0.07327012,40
MAO-B,rep2,85.5,23.807724794751074,212.45892,0.07908584,41
MAO-B,rep2,86.0,23.73246615462105,210.42714,0.025143702,49
MAO-B,rep2,86.5,23.83048178533144,212.66406,0.05592478,39
MAO-B,rep2,87.0,23.799449668225634,210.16905,0.052508984,38
MAO-B,rep2,87.5,23.78658819521831,207.58537,0.055340465,36
MAO-B,rep2,88.0,23.780439546535995,210.44357,0.098458014,42
MAO-B,rep2,88.5,23.80502644763923,208.2753,0.032120835,43
MAO-B,rep2,89.0,23.677344345628406,208.12544,0.050672807,34
MAO-B,rep2,89.5,23.779777768013698,210.21053,0.053442508,37
MAO-B,rep2,90.0,23.783228670807688,210.59236,0.029084692,43
MAO-B,rep2,90.5,23.820051760561626,210.68138,0.12320258,38
MAO-B,rep2,91.0,23.875757322306512,213.46584,0.071840994,38
MAO-B,rep2,91.5,23.779772764749936,209.73837,0.03939294,35
MAO-B,rep2,92.0,23.788510315827466,208.67072,0.03191388,42
MAO-B,rep2,92.5,23.717793262988593,207.01428,0.09400536,36
MAO-B,rep2,93.0,23.747731504024223,210.03764,0.04059814,47
MAO-B,rep2,93.5,23.76905886398992,211.3623,0.057767697,44
MAO-B,rep2,94.0,23.78391631169393,210.33055,0.03132228,41
MAO-B,rep2,94.5,23.706439458640055,211.70526,0.047358707,34
MAO-B,rep2,95.0,23.76017047898158,212.22113,0.030142764,47
MAO-B,rep2,95.5,23.780624476081954,210.08931,0.048117407,41
MAO-B,rep2,96.0,23.898402340360256,210.95677,0.05274437,38
MAO-B,rep2,96.5,23.787080389811234,211.56439,0.0154744815,46
MAO-B,rep2,97.0,23.802875274385972,212.45377,0.014358703,39
MAO-B,rep2,97.5,23.764111352424653,212.08444,0.06806449,39
MAO-B,rep2,98.0,23.75427413460912,211.13815,0.05824531,41
MAO-B,rep2,98.5,23.75321828482463,210.73639,0.03605563,42
MAO-B,rep2,99.0,23.831394930095072,209.83499,0.15035903,42
MAO-B,rep2,99.5,23.77704537048873,211.41193,0.06648485,46
MAO-B,rep3,0.0,23.44601214439735,204.7716,0.1075485,46
MAO-B,rep3,0.5,23.420970537910982,208.186,0.03373241,48
MAO-B,rep3,1.0,23.49459464173746,207.41156,0.06020183,49
MAO-B,rep3,1.5,23.523195187913885,208.2745,0.07457446,38
MAO-B,rep3,2.0,23.488963510049455,209.57602,0.05498572,38
MAO-B,rep3,2.5,23.456016588106095,208.67809,0.07494855,50
MAO-B,rep3,3.0,23.459553609962054,205.82347,0.10094802,53
MAO-B,rep3,3.5,23.570599971151182,208.08426,0.06181039,42
MAO-B,rep3,4.0,23.447442299108047,211.04071,0.0044933395,43
MAO-B,rep3,4.5,23.461921673044426,208.6671,0.07167942,44
MAO-B,rep3,5.0,23.42975164117548,210.27756,0.09955242,44
MAO-B,rep3,5.5,23.44770081327926,210.52502,0.0027521236,45
MAO-B,rep3,6.0,23.4763510922982,213.77171,0.07769011,45
MAO-B,rep3,6.5,23.47602814410383,213.0503,0.070217416,46
MAO-B,rep3,7.0,23.31433122977302,209.29199,0.026477978,46
MAO-B,rep3,7.5,23.425279637151345,211.49362,0.048233423,48
MAO-B,rep3,8.0,23.370890908801663,209.82178,0.078387015,46
MAO-B,rep3,8.5,23.352216114419953,207.59763,0.030817907,46
MAO-B,rep3,9.0,23.279495107372515,206.47733,0.087273955,50
MAO-B,rep3,9.5,23.357977237567653,210.24446,0.049600407,47
MAO-B,rep3,10.0,23.226462621379543,206.38516,0.029023148,45
MAO-B,rep3,10.5,23.3237999559882,208.77794,0.073817424,51
MAO-B,rep3,11.0,23.362418403028236,207.1256,0.10250832,43
MAO-B,rep3,11.5,23.47819637362209,210.89621,0.11493497,42
MAO-B,rep3,12.0,23.489865588208755,211.80331,0.054530285,42
MAO-B,rep3,12.5,23.358251327243885,208.0252,0.015042992,48
MAO-B,rep3,13.0,23.47793874891908,209.51021,0.012401657,51
MAO-B,rep3,13.5,23.496783777043007,210.6681,0.09203869,51
MAO-B,rep3,14.0,23.652503391451187,209.37154,0.07811302,36
MAO-B,rep3,14.5,23.701347401379003,210.5219,0.07879928,48
MAO-B,rep3,15.0,23.63018047801628,208.69241,0.019549342,44
MAO-B,rep3,15.5,23.724976033689895,207.4397,0.09985209,43
MAO-B,rep3,16.0,23.705042761614234,211.88333,0.059109066,49
MAO-B,rep3,16.5,23.662981049642887,208.45094,0.055390034,46
MAO-B,rep3,17.0,23.64239580918096,212.40973,0.076275155,43
MAO-B,rep3,17.5,23.618280560309092,211.76431,0.04892302,48
MAO-B,rep3,18.0,23.621520349026085,211.88239,0.13622433,37
MAO-B,rep3,18.5,23.6780636697063,209.94307,0.039521463,48
MAO-B,rep3,19.0,23.59481761455903,209.01804,0.06551686,41
MAO-B,rep3,19.5,23.75439279067696,216.88971,0.064235,38
MAO-B,rep3,20.0,23.669633370394003,214.9328,0.02041079,47
MAO-B,rep3,20.5,23.58746453850557,206.90506,0.08203457,49
MAO-B,rep3,21.0,23.627715601852156,209.40355,0.045203447,40
MAO-B,rep3,21.5,23.643719828411996,209.5773,0.17701638,40
MAO-B,rep3,22.0,23.64677379763687,208.03159,0.06433676,47
MAO-B,rep3,22.5,23.597147388517158,207.30191,0.10042447,40
MAO-B,rep3,23.0,23.738003530745452,208.65631,0.10748991,47
MAO-B,rep3,23.5,23.627969846529034,211.57184,0.07126249,43
MAO-B,rep3,24.0,23.685949107288543,211.02014,0.062005267,45
MAO-B,rep3,24.5,23.616852633119997,207.84189,0.048957683,44
MAO-B,rep3,25.0,23.70229466649983,212.19438,0.031716995,46
MAO-B,rep3,25.5,23.646234065400744,208.38602,0.056757,51
MAO-B,rep3,26.0,23.57976575097777,208.90991,0.04839567,49
MAO-B,rep3,26.5,23.7173258730278,211.55595,0.021656027,47
MAO-B,rep3,27.0,23.600484000716392,208.61415,0.12346733,46
MAO-B,rep3,27.5,23.61869530463418,211.05429,0.050134227,46
MAO-B,rep3,28.0,23.663988382302527,210.98027,0.042565513,48
MAO-B,rep3,28.5,23.612076478179116,211.32584,0.024453793,51
MAO-B,rep3,29.0,23.68449140070237,211.45038,0.07905856,51
MAO-B,rep3,29.5,23.715619882310083,212.28067,0.018153112,50
MAO-B,rep3,30.0,23.781045911750454,214.26245,0.07481524,41
MAO-B,rep3,30.5,23.70918452493396,212.64217,0.04049608,47
MAO-B,rep3,31.0,23.597013375118195,211.89648,0.07539751,48
MAO-B,rep3,31.5,23.570458444352354,211.22762,0.06285078,49
MAO-B,rep3,32.0,23.61064162353918,212.12697,0.12603661,46
MAO-B,rep3,32.5,23.576814556663113,211.7256,0.03989062,46
MAO-B,rep3,33.0,23.575379893268572,213.40106,0.05807219,49
MAO-B,rep3,33.5,23.61829776337575,212.89502,0.09208537,43
MAO-B,rep3,34.0,23.569991014579955,211.74603,0.19327243,38
MAO-B,rep3,34.5,23.616896244596038,211.52551,0.074283,44
MAO-B,rep3,35.0,23.6190883105973,211.86398,0.027504586,35
MAO-B,rep3,35.5,23.694707658231017,215.48993,0.1049583,41
MAO-B,rep3,36.0,23.77848913963161,215.71576,0.06669754,52
MAO-B,rep3,36.5,23.725674584446228,214.88437,0.040995076,46
MAO-B,rep3,37.0,23.758276827299653,216.51384,0.06724436,40
MAO-B,rep3,37.5,23.626024670483577,212.06796,0.02389181,41
MAO-B,rep3,38.0,23.72426551263867,214.88837,0.038071062,33
MAO-B,rep3,38.5,23.628986479139602,211.26656,0.03300554,43
MAO-B,rep3,39.0,23.60379164961572,209.51175,0.054007262,44
MAO-B,rep3,39.5,23.69228230884682,213.3435,0.13586015,47
MAO-B,rep3,40.0,23.66096694329375,216.5549,0.044284023,43
MAO-B,rep3,40.5,23.64327342354961,214.62097,0.008196115,35
MAO-B,rep3,41.0,23.563613760439782,210.00043,0.0070888186,43
MAO-B,rep3,41.5,23.604226859246683,213.14978,0.046858728,36
MAO-B,rep3,42.0,23.455629228855194,213.1797,0.12605397,38
MAO-B,rep3,42.5,23.60845085844593,210.80258,0.07290996,40
MAO-B,rep3,43.0,23.641982640573943,214.05182,0.079384595,40
MAO-B,rep3,43.5,23.706677637291456,212.8327,0.06364815,37
MAO-B,rep3,44.0,23.580430157463944,210.09584,0.07969663,37
MAO-B,rep3,44.5,23.520737445079767,212.57343,0.013716816,40
MAO-B,rep3,45.0,23.639420300253033,216.06961,0.022134654,41
MAO-B,rep3,45.5,23.599110461958112,214.25584,0.027450925,41
MAO-B,rep3,46.0,23.56015556354486,213.3935,0.05889465,40
MAO-B,rep3,46.5,23.587677007587452,209.72299,0.013337232,45
MAO-B,rep3,47.0,23.595477530556366,215.15541,0.010491647,41
MAO-B,rep3,47.5,23.555913047859978,213.54492,1.0222476e-05,36
MAO-B,rep3,48.0,23.585387552449685,208.9784,0.01718583,33
MAO-B,rep3,48.5,23.525758889909806,211.18433,0.014269345,41
MAO-B,rep3,49.0,23.545950615683555,211.51813,0.005324265,36
MAO-B,rep3,49.5,23.588890842704156,210.86325,0.0053140055,52
MAO-B,rep3,50.0,23.563890187440705,212.48395,0.04387391,44
MAO-B,rep3,50.5,23.57049947238857,211.8418,0.00959749,36
MAO-B,rep3,51.0,23.45908064949856,210.78592,0.022596508,39
MAO-B,rep3,51.5,23.612890440756743,211.84392,0.017015226,38
MAO-B,rep3,52.0,23.62536199768622,211.04749,0.027500002,43
MAO-B,rep3,52.5,23.647334664821162,214.0741,0.02201326,45
MAO-B,rep3,53.0,23.528454836444,208.31128,0.025126988,42
MAO-B,rep3,53.5,23.597206391245052,212.83426,0.028715275,46
MAO-B,rep3,54.0,23.509266379718387,209.956,0.01730256,46
MAO-B,rep3,54.5,23.569743863444202,214.49274,0.027404077,37
MAO-B,rep3,55.0,23.536669294017635,211.4472,0.011531,45
MAO-B,rep3,55.5,23.44593694355304,212.6702,0.018965792,47
MAO-B,rep3,56.0,23.561698313730762,212.14688,0.008306357,38
MAO-B,rep3,56.5,23.531898402280152,211.73807,0.025392983,41
MAO-B,rep3,57.0,23.59969665205707,211.52646,0.0012822951,46
MAO-B,rep3,57.5,23.642919698218932,213.57098,0.016814362,41
MAO-B,rep3,58.0,23.606157512845485,213.16821,0.0172007,44
MAO-B,rep3,58.5,23.636325811384566,212.6603,0.01821034,42
MAO-B,rep3,59.0,23.553425203394927,210.9122,0.0151086375,44
MAO-B,rep3,59.5,23.460445310417914,210.87283,0.008863449,49
MAO-B,rep3,60.0,23.59217939981917,211.97565,0.0054030586,44
MAO-B,rep3,60.5,23.61847184952804,214.82825,0.00089216593,41
MAO-B,rep3,61.0,23.605487282272478,213.29677,0.020405438,45
MAO-B,rep3,61.5,23.582291811750803,211.8689,0.020983346,38
MAO-B,rep3,62.0,23.615738422448324,213.42105,0.009797114,47
MAO-B,rep3,62.5,23.680863013021238,209.62436,0.012388347,41
MAO-B,rep3,63.0,23.539245370689002,210.95349,0.009744662,43
MAO-B,rep3,63.5,23.656766136795703,211.91579,0.04080875,38
MAO-B,rep3,64.0,23.55441346004072,208.80122,0.029612623,42
MAO-B,rep3,64.5,23.58358046700396,211.63715,0.017308053,42
MAO-B,rep3,65.0,23.57931997358316,210.7846,0.0049064625,43
MAO-B,rep3,65.5,23.616047651677967,209.21466,0.012766381,42
MAO-B,rep3,66.0,23.614530595932017,211.87897,0.0035512946,39
MAO-B,rep3,66.5,23.647327899849042,210.28973,0.060218073,43
MAO-B,rep3,67.0,23.698240177884372,211.6163,0.015097529,39
MAO-B,rep3,67.5,23.628521117611847,209.88367,0.025674935,48
MAO-B,rep3,68.0,23.700362234633214,210.91948,0.019863185,38
MAO-B,rep3,68.5,23.682461708223666,211.16321,0.03298805,40
MAO-B,rep3,69.0,23.63510580056635,208.7755,0.029070854,44
MAO-B,rep3,69.5,23.665625465302966,217.89587,0.007997801,44
MAO-B,rep3,70.0,23.590387548453275,210.12442,0.038563892,35
MAO-B,rep3,70.5,23.598707565362943,210.8211,0.012658658,42
MAO-B,rep3,71.0,23.64128779759,210.13191,0.023626916,47
MAO-B,rep3,71.5,23.59309290296931,209.43646,0.019073928,40
MAO-B,rep3,72.0,23.52587530031777,207.68848,0.0012776424,41
MAO-B,rep3,72.5,23.59168034437252,208.23312,0.02170269,38
MAO-B,rep3,73.0,23.53678346597228,208.09839,0.005329122,40
MAO-B,rep3,73.5,23.572686659553945,210.40799,0.016305655,40
MAO-B,rep3,74.0,23.557492327298696,207.86281,0.01855422,39
MAO-B,rep3,74.5,23.65388450665003,213.53983,0.0070987586,44
MAO-B,rep3,75.0,23.574627914449447,214.28214,0.019467402,44
MAO-B,rep3,75.5,23.671700818262455,213.52255,0.02125439,46
MAO-B,rep3,76.0,23.55662901800852,208.69617,0.04645809,41
MAO-B,rep3,76.5,23.53827282135482,208.84378,0.029248314,40
MAO-B,rep3,77.0,23.551333295548798,209.66867,0.079527885,42
MAO-B,rep3,77.5,23.563755238097272,214.32707,5.0967627,0
MAO-B,rep3,78.0,23.581190585647533,212.17305,5.018748,0
MAO-B,rep3,78.5,23.6719318952181,214.03561,5.028216,0
MAO-B,rep3,79.0,23.523221134023863,212.11462,5.005652,0
MAO-B,rep3,79.5,23.60514136672993,211.4888,5.0323563,0
MAO-B,rep3,80.0,23.587446884003565,211.88138,4.986709,0
MAO-B,rep3,80.5,23.686440014802535,217.4758,5.012957,0
MAO-B,rep3,81.0,23.625402562863904,207.16234,0.033448413,42
MAO-B,rep3,81.5,23.60557258801485,208.25237,0.029981086,43
MAO-B,rep3,82.0,23.605328409168862,211.80298,0.017725108,46
MAO-B,rep3,82.5,23.568062405052814,210.31667,0.041376896,40
MAO-B,rep3,83.0,23.642718543636892,210.93217,0.005352264,46
MAO-B,rep3,83.5,23.62163419299046,209.77449,0.036055055,39
MAO-B,rep3,84.0,23.608768150967002,211.08594,0.036178626,43
MAO-B,rep3,84.5,23.66983839014678,212.57275,5.0537214,0
MAO-B,rep3,85.0,23.781891354619557,217.24258,0.046385102,43
MAO-B,rep3,85.5,23.594763047393972,217.71576,0.1204513,41
MAO-B,rep3,86.0,23.633199386865897,219.72789,0.025146171,49
MAO-B,rep3,86.5,23.582578021689216,219.03421,4.9767523,0
MAO-B,rep3,87.0,23.746028668134073,218.59662,0.04852299,39
MAO-B,rep3,87.5,23.5958935496441,217.50534,5.0455704,0
MAO-B,rep3,88.0,23.64969344466629,218.74644,4.9443455,0
MAO-B,rep3,88.5,23.69706051938223,220.42795,4.9410586,0
MAO-B,rep3,89.0,23.756124221268365,221.47653,5.058307,0
MAO-B,rep3,89.5,23.620353798325148,212.06439,0.03534,46
MAO-B,rep3,90.0,23.65238281329335,215.7768,4.985187,0
MAO-B,rep3,90.5,23.699969000690757,218.41147,4.977555,0
MAO-B,rep3,91.0,23.745958724590807,219.06052,4.931282,0
MAO-B,rep3,91.5,23.73647262757071,217.20285,4.968987,0
MAO-B,rep3,92.0,23.67866437744953,218.0246,4.9523215,0
MAO-B,rep3,92.5,23.68158566479408,216.43356,4.9544435,0
MAO-B,rep3,93.0,23.754557583277098,219.77762,4.9780483,5
MAO-B,rep3,93.5,23.650138850897,214.22658,0.03122386,44
MAO-B,rep3,94.0,23.655712746571908,214.68134,0.049599368,46
MAO-B,rep3,94.5,23.739890099823842,220.89911,4.9871974,0
MAO-B,rep3,95.0,23.66966273417423,216.73233,0.07117922,46
MAO-B,rep3,95.5,23.733265892540736,215.36491,0.052484788,41
MAO-B,rep3,96.0,23.732402396385083,217.91122,0.047737844,45
MAO-B,rep3,96.5,23.638943212415274,213.86903,0.045278095,48
MAO-B,rep3,97.0,23.707342835629003,217.67567,5.0270247,0
MAO-B,rep3,97.5,23.693058954488855,218.08496,4.9529667,0
MAO-B,rep3,98.0,23.753800695728646,218.66818,5.0012,0
MAO-B,rep3,98.5,23.673576679157353,220.84032,4.961155,0
MAO-B,rep3,99.0,23.658189760542886,220.1876,4.9712906,0
MAO-B,rep3,99.5,23.743203661935684,220.3999,0.06443454,47
