system_residue_index,system_residue,source_chain,source_residue_number,source_residue,mapping_source
0,ASP1,A,21,ASP21,receptor_fixed.pdb
1,ASN2,A,22,ASN22,receptor_fixed.pdb
2,PRO3,A,23,PRO23,receptor_fixed.pdb
3,ALA4,A,24,ALA24,receptor_fixed.pdb
4,ASP5,A,25,ASP25,receptor_fixed.pdb
5,ILE6,A,26,ILE26,receptor_fixed.pdb
6,LEU7,A,27,LEU27,receptor_fixed.pdb
7,VAL8,A,28,VAL28,receptor_fixed.pdb
8,ILE9,A,29,ILE29,receptor_fixed.pdb
9,ALA10,A,30,ALA30,receptor_fixed.pdb
10,ALA11,A,31,ALA31,receptor_fixed.pdb
11,TYR12,A,32,TYR32,receptor_fixed.pdb
12,PHE13,A,33,PHE33,receptor_fixed.pdb
13,LEU14,A,34,LEU34,receptor_fixed.pdb
14,LEU15,A,35,LEU35,receptor_fixed.pdb
15,VAL16,A,36,VAL36,receptor_fixed.pdb
16,ILE17,A,37,ILE37,receptor_fixed.pdb
17,GLY18,A,38,GLY38,receptor_fixed.pdb
18,VAL19,A,39,VAL39,receptor_fixed.pdb
19,GLY20,A,40,GLY40,receptor_fixed.pdb
20,LEU21,A,41,LEU41,receptor_fixed.pdb
21,TRP22,A,42,TRP42,receptor_fixed.pdb
22,SER23,A,43,SER43,receptor_fixed.pdb
23,MET24,A,44,MET44,receptor_fixed.pdb
24,CYS25,A,45,CYS45,receptor_fixed.pdb
25,ARG26,A,46,ARG46,receptor_fixed.pdb
26,THR27,A,47,THR47,receptor_fixed.pdb
27,ASN28,A,48,ASN48,receptor_fixed.pdb
28,ARG29,A,49,ARG49,receptor_fixed.pdb
29,GLY30,A,50,GLY50,receptor_fixed.pdb
30,THR31,A,51,THR51,receptor_fixed.pdb
31,VAL32,A,52,VAL52,receptor_fixed.pdb
32,GLY33,A,53,GLY53,receptor_fixed.pdb
33,GLY34,A,54,GLY54,receptor_fixed.pdb
34,TYR35,A,55,TYR55,receptor_fixed.pdb
35,PHE36,A,56,PHE56,receptor_fixed.pdb
36,LEU37,A,57,LEU57,receptor_fixed.pdb
37,ALA38,A,58,ALA58,receptor_fixed.pdb
38,GLY39,A,59,GLY59,receptor_fixed.pdb
39,ARG40,A,60,ARG60,receptor_fixed.pdb
40,SER41,A,61,SER61,receptor_fixed.pdb
41,MET42,A,62,MET62,receptor_fixed.pdb
42,VAL43,A,63,VAL63,receptor_fixed.pdb
43,TRP44,A,64,TRP64,receptor_fixed.pdb
44,TRP45,A,65,TRP65,receptor_fixed.pdb
45,PRO46,A,66,PRO66,receptor_fixed.pdb
46,VAL47,A,67,VAL67,receptor_fixed.pdb
47,GLY48,A,68,GLY68,receptor_fixed.pdb
48,ALA49,A,69,ALA69,receptor_fixed.pdb
49,SER50,A,70,SER70,receptor_fixed.pdb
50,LEU51,A,71,LEU71,receptor_fixed.pdb
51,PHE52,A,72,PHE72,receptor_fixed.pdb
52,ALA53,A,73,ALA73,receptor_fixed.pdb
53,SER54,A,74,SER74,receptor_fixed.pdb
54,ASN55,A,75,ASN75,receptor_fixed.pdb
55,ILE56,A,76,ILE76,receptor_fixed.pdb
56,GLY57,A,77,GLY77,receptor_fixed.pdb
57,SER58,A,78,SER78,receptor_fixed.pdb
58,GLY59,A,79,GLY79,receptor_fixed.pdb
59,HIS60,A,80,HIS80,receptor_fixed.pdb
60,PHE61,A,81,PHE81,receptor_fixed.pdb
61,VAL62,A,82,VAL82,receptor_fixed.pdb
62,GLY63,A,83,GLY83,receptor_fixed.pdb
63,LEU64,A,84,LEU84,receptor_fixed.pdb
64,ALA65,A,85,ALA85,receptor_fixed.pdb
65,GLY66,A,86,GLY86,receptor_fixed.pdb
66,THR67,A,87,THR87,receptor_fixed.pdb
67,GLY68,A,88,GLY88,receptor_fixed.pdb
68,ALA69,A,89,ALA89,receptor_fixed.pdb
69,ALA70,A,90,ALA90,receptor_fixed.pdb
70,SER71,A,91,SER91,receptor_fixed.pdb
71,GLY72,A,92,GLY92,receptor_fixed.pdb
72,LEU73,A,93,LEU93,receptor_fixed.pdb
73,ALA74,A,94,ALA94,receptor_fixed.pdb
74,VAL75,A,95,VAL95,receptor_fixed.pdb
75,ALA76,A,96,ALA96,receptor_fixed.pdb
76,GLY77,A,97,GLY97,receptor_fixed.pdb
77,PHE78,A,98,PHE98,receptor_fixed.pdb
78,GLU79,A,99,GLU99,receptor_fixed.pdb
79,TRP80,A,100,TRP100,receptor_fixed.pdb
80,ASN81,A,101,ASN101,receptor_fixed.pdb
81,ALA82,A,102,ALA102,receptor_fixed.pdb
82,LEU83,A,103,LEU103,receptor_fixed.pdb
83,PHE84,A,104,PHE104,receptor_fixed.pdb
84,VAL85,A,105,VAL105,receptor_fixed.pdb
85,VAL86,A,106,VAL106,receptor_fixed.pdb
86,LEU87,A,107,LEU107,receptor_fixed.pdb
87,LEU88,A,108,LEU108,receptor_fixed.pdb
88,LEU89,A,109,LEU109,receptor_fixed.pdb
89,GLY90,A,110,GLY110,receptor_fixed.pdb
90,TRP91,A,111,TRP111,receptor_fixed.pdb
91,LEU92,A,112,LEU112,receptor_fixed.pdb
92,PHE93,A,113,PHE113,receptor_fixed.pdb
93,ALA94,A,114,ALA114,receptor_fixed.pdb
94,PRO95,A,115,PRO115,receptor_fixed.pdb
95,VAL96,A,116,VAL116,receptor_fixed.pdb
96,TYR97,A,117,TYR117,receptor_fixed.pdb
97,LEU98,A,118,LEU118,receptor_fixed.pdb
98,THR99,A,119,THR119,receptor_fixed.pdb
99,ALA100,A,120,ALA120,receptor_fixed.pdb
100,GLY101,A,121,GLY121,receptor_fixed.pdb
101,VAL102,A,122,VAL122,receptor_fixed.pdb
102,ILE103,A,123,ILE123,receptor_fixed.pdb
103,THR104,A,124,THR124,receptor_fixed.pdb
104,MET105,A,125,MET125,receptor_fixed.pdb
105,PRO106,A,126,PRO126,receptor_fixed.pdb
106,GLN107,A,127,GLN127,receptor_fixed.pdb
107,TYR108,A,128,TYR128,receptor_fixed.pdb
108,LEU109,A,129,LEU129,receptor_fixed.pdb
109,ARG110,A,130,ARG130,receptor_fixed.pdb
110,LYS111,A,131,LYS131,receptor_fixed.pdb
111,ARG112,A,132,ARG132,receptor_fixed.pdb
112,PHE113,A,133,PHE133,receptor_fixed.pdb
113,GLY114,A,134,GLY134,receptor_fixed.pdb
114,GLY115,A,135,GLY135,receptor_fixed.pdb
115,ARG116,A,136,ARG136,receptor_fixed.pdb
116,ARG117,A,137,ARG137,receptor_fixed.pdb
117,ILE118,A,138,ILE138,receptor_fixed.pdb
118,ARG119,A,139,ARG139,receptor_fixed.pdb
119,LEU120,A,140,LEU140,receptor_fixed.pdb
120,TYR121,A,141,TYR141,receptor_fixed.pdb
121,LEU122,A,142,LEU142,receptor_fixed.pdb
122,SER123,A,143,SER143,receptor_fixed.pdb
123,VAL124,A,144,VAL144,receptor_fixed.pdb
124,LEU125,A,145,LEU145,receptor_fixed.pdb
125,SER126,A,146,SER146,receptor_fixed.pdb
126,LEU127,A,147,LEU147,receptor_fixed.pdb
127,PHE128,A,148,PHE148,receptor_fixed.pdb
128,LEU129,A,149,LEU149,receptor_fixed.pdb
129,TYR130,A,150,TYR150,receptor_fixed.pdb
130,ILE131,A,151,ILE151,receptor_fixed.pdb
131,PHE132,A,152,PHE152,receptor_fixed.pdb
132,THR133,A,153,THR153,receptor_fixed.pdb
133,LYS134,A,154,LYS154,receptor_fixed.pdb
134,ILE135,A,155,ILE155,receptor_fixed.pdb
135,SER136,A,156,SER156,receptor_fixed.pdb
136,VAL137,A,157,VAL157,receptor_fixed.pdb
137,ASP138,A,158,ASP158,receptor_fixed.pdb
138,MET139,A,159,MET159,receptor_fixed.pdb
139,PHE140,A,160,PHE160,receptor_fixed.pdb
140,SER141,A,161,SER161,receptor_fixed.pdb
141,GLY142,A,162,GLY162,receptor_fixed.pdb
142,ALA143,A,163,ALA163,receptor_fixed.pdb
143,VAL144,A,164,VAL164,receptor_fixed.pdb
144,PHE145,A,165,PHE165,receptor_fixed.pdb
145,ILE146,A,166,ILE166,receptor_fixed.pdb
146,GLN147,A,167,GLN167,receptor_fixed.pdb
147,GLN148,A,168,GLN168,receptor_fixed.pdb
148,ALA149,A,169,ALA169,receptor_fixed.pdb
149,LEU150,A,170,LEU170,receptor_fixed.pdb
150,GLY151,A,171,GLY171,receptor_fixed.pdb
151,TRP152,A,172,TRP172,receptor_fixed.pdb
152,ASN153,A,173,ASN173,receptor_fixed.pdb
153,ILE154,A,174,ILE174,receptor_fixed.pdb
154,TYR155,A,175,TYR175,receptor_fixed.pdb
155,ALA156,A,176,ALA176,receptor_fixed.pdb
156,SER157,A,177,SER177,receptor_fixed.pdb
157,VAL158,A,178,VAL178,receptor_fixed.pdb
158,ILE159,A,179,ILE179,receptor_fixed.pdb
159,ALA160,A,180,ALA180,receptor_fixed.pdb
160,LEU161,A,181,LEU181,receptor_fixed.pdb
161,LEU162,A,182,LEU182,receptor_fixed.pdb
162,GLY163,A,183,GLY183,receptor_fixed.pdb
163,ILE164,A,184,ILE184,receptor_fixed.pdb
164,THR165,A,185,THR185,receptor_fixed.pdb
165,MET166,A,186,MET186,receptor_fixed.pdb
166,ILE167,A,187,ILE187,receptor_fixed.pdb
167,TYR168,A,188,TYR188,receptor_fixed.pdb
168,THR169,A,189,THR189,receptor_fixed.pdb
169,VAL170,A,190,VAL190,receptor_fixed.pdb
170,THR171,A,191,THR191,receptor_fixed.pdb
171,GLY172,A,192,GLY192,receptor_fixed.pdb
172,GLY173,A,193,GLY193,receptor_fixed.pdb
173,LEU174,A,194,LEU194,receptor_fixed.pdb
174,ALA175,A,195,ALA195,receptor_fixed.pdb
175,ALA176,A,196,ALA196,receptor_fixed.pdb
176,LEU177,A,197,LEU197,receptor_fixed.pdb
177,MET178,A,198,MET198,receptor_fixed.pdb
178,TYR179,A,199,TYR199,receptor_fixed.pdb
179,THR180,A,200,THR200,receptor_fixed.pdb
180,ASP181,A,201,ASP201,receptor_fixed.pdb
181,THR182,A,202,THR202,receptor_fixed.pdb
182,VAL183,A,203,VAL203,receptor_fixed.pdb
183,GLN184,A,204,GLN204,receptor_fixed.pdb
184,THR185,A,205,THR205,receptor_fixed.pdb
185,PHE186,A,206,PHE206,receptor_fixed.pdb
186,VAL187,A,207,VAL207,receptor_fixed.pdb
187,ILE188,A,208,ILE208,receptor_fixed.pdb
188,LEU189,A,209,LEU209,receptor_fixed.pdb
189,GLY190,A,210,GLY210,receptor_fixed.pdb
190,GLY191,A,211,GLY211,receptor_fixed.pdb
191,ALA192,A,212,ALA212,receptor_fixed.pdb
192,CYS193,A,213,CYS213,receptor_fixed.pdb
193,ILE194,A,214,ILE214,receptor_fixed.pdb
194,LEU195,A,215,LEU215,receptor_fixed.pdb
195,MET196,A,216,MET216,receptor_fixed.pdb
196,GLY197,A,217,GLY217,receptor_fixed.pdb
197,TYR198,A,218,TYR218,receptor_fixed.pdb
198,ALA199,A,219,ALA219,receptor_fixed.pdb
199,PHE200,A,220,PHE220,receptor_fixed.pdb
200,HIS201,A,221,HIS221,receptor_fixed.pdb
201,GLU202,A,222,GLU222,receptor_fixed.pdb
202,VAL203,A,223,VAL223,receptor_fixed.pdb
203,GLY204,A,224,GLY224,receptor_fixed.pdb
204,GLY205,A,225,GLY225,receptor_fixed.pdb
205,TYR206,A,226,TYR226,receptor_fixed.pdb
206,SER207,A,227,SER227,receptor_fixed.pdb
207,GLY208,A,228,GLY228,receptor_fixed.pdb
208,LEU209,A,229,LEU229,receptor_fixed.pdb
209,PHE210,A,230,PHE230,receptor_fixed.pdb
210,ASP211,A,231,ASP231,receptor_fixed.pdb
211,LYS212,A,232,LYS232,receptor_fixed.pdb
212,TYR213,A,233,TYR233,receptor_fixed.pdb
213,LEU214,A,234,LEU234,receptor_fixed.pdb
214,GLY215,A,235,GLY235,receptor_fixed.pdb
215,ALA216,A,236,ALA236,receptor_fixed.pdb
216,ALA217,A,237,ALA237,receptor_fixed.pdb
217,THR218,A,238,THR238,receptor_fixed.pdb
218,SER219,A,239,SER239,receptor_fixed.pdb
219,LEU220,A,240,LEU240,receptor_fixed.pdb
220,THR221,A,241,THR241,receptor_fixed.pdb
221,VAL222,A,242,VAL242,receptor_fixed.pdb
222,SER223,A,243,SER243,receptor_fixed.pdb
223,GLU224,A,244,GLU244,receptor_fixed.pdb
224,ASP225,A,245,ASP245,receptor_fixed.pdb
225,PRO226,A,246,PRO246,receptor_fixed.pdb
226,ALA227,A,247,ALA247,receptor_fixed.pdb
227,VAL228,A,248,VAL248,receptor_fixed.pdb
228,GLY229,A,249,GLY249,receptor_fixed.pdb
229,ASN230,A,250,ASN250,receptor_fixed.pdb
230,ILE231,A,251,ILE251,receptor_fixed.pdb
231,SER232,A,252,SER252,receptor_fixed.pdb
232,SER233,A,253,SER253,receptor_fixed.pdb
233,PHE234,A,254,PHE254,receptor_fixed.pdb
234,CYS235,A,255,CYS255,receptor_fixed.pdb
235,TYR236,A,256,TYR256,receptor_fixed.pdb
236,ARG237,A,257,ARG257,receptor_fixed.pdb
237,PRO238,A,258,PRO258,receptor_fixed.pdb
238,ARG239,A,259,ARG259,receptor_fixed.pdb
239,PRO240,A,260,PRO260,receptor_fixed.pdb
240,ASP241,A,261,ASP261,receptor_fixed.pdb
241,SER242,A,262,SER262,receptor_fixed.pdb
242,TYR243,A,263,TYR263,receptor_fixed.pdb
243,HIS244,A,264,HIS264,receptor_fixed.pdb
244,LEU245,A,265,LEU265,receptor_fixed.pdb
245,LEU246,A,266,LEU266,receptor_fixed.pdb
246,ARG247,A,267,ARG267,receptor_fixed.pdb
247,HIS248,A,268,HIS268,receptor_fixed.pdb
248,PRO249,A,269,PRO269,receptor_fixed.pdb
249,VAL250,A,270,VAL270,receptor_fixed.pdb
250,THR251,A,271,THR271,receptor_fixed.pdb
251,GLY252,A,272,GLY272,receptor_fixed.pdb
252,ASP253,A,273,ASP273,receptor_fixed.pdb
253,LEU254,A,274,LEU274,receptor_fixed.pdb
254,PRO255,A,275,PRO275,receptor_fixed.pdb
255,TRP256,A,276,TRP276,receptor_fixed.pdb
256,PRO257,A,277,PRO277,receptor_fixed.pdb
257,ALA258,A,278,ALA278,receptor_fixed.pdb
258,LEU259,A,279,LEU279,receptor_fixed.pdb
259,LEU260,A,280,LEU280,receptor_fixed.pdb
260,LEU261,A,281,LEU281,receptor_fixed.pdb
261,GLY262,A,282,GLY282,receptor_fixed.pdb
262,LEU263,A,283,LEU283,receptor_fixed.pdb
263,THR264,A,284,THR284,receptor_fixed.pdb
264,ILE265,A,285,ILE285,receptor_fixed.pdb
265,VAL266,A,286,VAL286,receptor_fixed.pdb
266,SER267,A,287,SER287,receptor_fixed.pdb
267,GLY268,A,288,GLY288,receptor_fixed.pdb
268,TRP269,A,289,TRP289,receptor_fixed.pdb
269,TYR270,A,290,TYR290,receptor_fixed.pdb
270,TRP271,A,291,TRP291,receptor_fixed.pdb
271,CYS272,A,292,CYS292,receptor_fixed.pdb
272,SER273,A,293,SER293,receptor_fixed.pdb
273,ASP274,A,294,ASP294,receptor_fixed.pdb
274,GLN275,A,295,GLN295,receptor_fixed.pdb
275,VAL276,A,296,VAL296,receptor_fixed.pdb
276,ILE277,A,297,ILE297,receptor_fixed.pdb
277,VAL278,A,298,VAL298,receptor_fixed.pdb
278,GLN279,A,299,GLN299,receptor_fixed.pdb
279,ARG280,A,300,ARG300,receptor_fixed.pdb
280,CYS281,A,301,CYS301,receptor_fixed.pdb
281,LEU282,A,302,LEU302,receptor_fixed.pdb
282,ALA283,A,303,ALA303,receptor_fixed.pdb
283,GLY284,A,304,GLY304,receptor_fixed.pdb
284,LYS285,A,305,LYS305,receptor_fixed.pdb
285,SER286,A,306,SER306,receptor_fixed.pdb
286,LEU287,A,307,LEU307,receptor_fixed.pdb
287,THR288,A,308,THR308,receptor_fixed.pdb
288,HIS289,A,309,HIS309,receptor_fixed.pdb
289,ILE290,A,310,ILE310,receptor_fixed.pdb
290,LYS291,A,311,LYS311,receptor_fixed.pdb
291,ALA292,A,312,ALA312,receptor_fixed.pdb
292,GLY293,A,313,GLY313,receptor_fixed.pdb
293,CYS294,A,314,CYS314,receptor_fixed.pdb
294,ILE295,A,315,ILE315,receptor_fixed.pdb
295,LEU296,A,316,LEU316,receptor_fixed.pdb
296,CYS297,A,317,CYS317,receptor_fixed.pdb
297,GLY298,A,318,GLY318,receptor_fixed.pdb
298,TYR299,A,319,TYR319,receptor_fixed.pdb
299,LEU300,A,320,LEU320,receptor_fixed.pdb
300,LYS301,A,321,LYS321,receptor_fixed.pdb
301,LEU302,A,322,LEU322,receptor_fixed.pdb
302,THR303,A,323,THR323,receptor_fixed.pdb
303,PRO304,A,324,PRO324,receptor_fixed.pdb
304,MET305,A,325,MET325,receptor_fixed.pdb
305,PHE306,A,326,PHE326,receptor_fixed.pdb
306,LEU307,A,327,LEU327,receptor_fixed.pdb
307,MET308,A,328,MET328,receptor_fixed.pdb
308,VAL309,A,329,VAL329,receptor_fixed.pdb
309,MET310,A,330,MET330,receptor_fixed.pdb
310,PRO311,A,331,PRO331,receptor_fixed.pdb
311,GLY312,A,332,GLY332,receptor_fixed.pdb
312,MET313,A,333,MET333,receptor_fixed.pdb
313,ILE314,A,334,ILE334,receptor_fixed.pdb
314,SER315,A,335,SER335,receptor_fixed.pdb
315,ARG316,A,336,ARG336,receptor_fixed.pdb
316,ILE317,A,337,ILE337,receptor_fixed.pdb
317,LEU318,A,338,LEU338,receptor_fixed.pdb
318,TYR319,A,339,TYR339,receptor_fixed.pdb
319,PRO320,A,340,PRO340,receptor_fixed.pdb
320,ASP321,A,341,ASP341,receptor_fixed.pdb
321,GLU322,A,342,GLU342,receptor_fixed.pdb
322,VAL323,A,343,VAL343,receptor_fixed.pdb
323,ALA324,A,344,ALA344,receptor_fixed.pdb
324,CYS325,A,345,CYS345,receptor_fixed.pdb
325,VAL326,A,346,VAL346,receptor_fixed.pdb
326,VAL327,A,347,VAL347,receptor_fixed.pdb
327,PRO328,A,348,PRO348,receptor_fixed.pdb
328,GLU329,A,349,GLU349,receptor_fixed.pdb
329,VAL330,A,350,VAL350,receptor_fixed.pdb
330,CYS331,A,351,CYS351,receptor_fixed.pdb
331,ARG332,A,352,ARG352,receptor_fixed.pdb
332,ARG333,A,353,ARG353,receptor_fixed.pdb
333,VAL334,A,354,VAL354,receptor_fixed.pdb
334,CYS335,A,355,CYS355,receptor_fixed.pdb
335,GLY336,A,356,GLY356,receptor_fixed.pdb
336,THR337,A,357,THR357,receptor_fixed.pdb
337,GLU338,A,358,GLU358,receptor_fixed.pdb
338,VAL339,A,359,VAL359,receptor_fixed.pdb
339,GLY340,A,360,GLY360,receptor_fixed.pdb
340,CYS341,A,361,CYS361,receptor_fixed.pdb
341,SER342,A,362,SER362,receptor_fixed.pdb
342,ASN343,A,363,ASN363,receptor_fixed.pdb
343,ILE344,A,364,ILE364,receptor_fixed.pdb
344,ALA345,A,365,ALA365,receptor_fixed.pdb
345,TYR346,A,366,TYR366,receptor_fixed.pdb
346,PRO347,A,367,PRO367,receptor_fixed.pdb
347,ARG348,A,368,ARG368,receptor_fixed.pdb
348,LEU349,A,369,LEU369,receptor_fixed.pdb
349,VAL350,A,370,VAL370,receptor_fixed.pdb
350,VAL351,A,371,VAL371,receptor_fixed.pdb
351,LYS352,A,372,LYS372,receptor_fixed.pdb
352,LEU353,A,373,LEU373,receptor_fixed.pdb
353,MET354,A,374,MET374,receptor_fixed.pdb
354,PRO355,A,375,PRO375,receptor_fixed.pdb
355,ASN356,A,376,ASN376,receptor_fixed.pdb
356,GLY357,A,377,GLY377,receptor_fixed.pdb
357,LEU358,A,378,LEU378,receptor_fixed.pdb
358,ARG359,A,379,ARG379,receptor_fixed.pdb
359,GLY360,A,380,GLY380,receptor_fixed.pdb
360,LEU361,A,381,LEU381,receptor_fixed.pdb
361,MET362,A,382,MET382,receptor_fixed.pdb
362,LEU363,A,383,LEU383,receptor_fixed.pdb
363,ALA364,A,384,ALA384,receptor_fixed.pdb
364,VAL365,A,385,VAL385,receptor_fixed.pdb
365,MET366,A,386,MET386,receptor_fixed.pdb
366,LEU367,A,387,LEU387,receptor_fixed.pdb
367,ALA368,A,388,ALA388,receptor_fixed.pdb
368,ALA369,A,389,ALA389,receptor_fixed.pdb
369,LEU370,A,390,LEU390,receptor_fixed.pdb
370,MET371,A,391,MET391,receptor_fixed.pdb
371,SER372,A,392,SER392,receptor_fixed.pdb
372,SER373,A,393,SER393,receptor_fixed.pdb
373,LEU374,A,394,LEU394,receptor_fixed.pdb
374,ALA375,A,395,ALA395,receptor_fixed.pdb
375,SER376,A,396,SER396,receptor_fixed.pdb
376,ILE377,A,397,ILE397,receptor_fixed.pdb
377,PHE378,A,398,PHE398,receptor_fixed.pdb
378,ASN379,A,399,ASN399,receptor_fixed.pdb
379,SER380,A,400,SER400,receptor_fixed.pdb
380,SER381,A,401,SER401,receptor_fixed.pdb
381,SER382,A,402,SER402,receptor_fixed.pdb
382,THR383,A,403,THR403,receptor_fixed.pdb
383,LEU384,A,404,LEU404,receptor_fixed.pdb
384,PHE385,A,405,PHE405,receptor_fixed.pdb
385,THR386,A,406,THR406,receptor_fixed.pdb
386,MET387,A,407,MET407,receptor_fixed.pdb
387,ASP388,A,408,ASP408,receptor_fixed.pdb
388,ILE389,A,409,ILE409,receptor_fixed.pdb
389,TYR390,A,410,TYR410,receptor_fixed.pdb
390,THR391,A,411,THR411,receptor_fixed.pdb
391,ARG392,A,412,ARG412,receptor_fixed.pdb
392,LEU393,A,413,LEU413,receptor_fixed.pdb
393,ARG394,A,414,ARG414,receptor_fixed.pdb
394,PRO395,A,415,PRO415,receptor_fixed.pdb
395,ARG396,A,416,ARG416,receptor_fixed.pdb
396,ALA397,A,417,ALA417,receptor_fixed.pdb
397,GLY398,A,418,GLY418,receptor_fixed.pdb
398,ASP399,A,419,ASP419,receptor_fixed.pdb
399,ARG400,A,420,ARG420,receptor_fixed.pdb
400,GLU401,A,421,GLU421,receptor_fixed.pdb
401,LEU402,A,422,LEU422,receptor_fixed.pdb
402,LEU403,A,423,LEU423,receptor_fixed.pdb
403,LEU404,A,424,LEU424,receptor_fixed.pdb
404,VAL405,A,425,VAL425,receptor_fixed.pdb
405,GLY406,A,426,GLY426,receptor_fixed.pdb
406,ARG407,A,427,ARG427,receptor_fixed.pdb
407,LEU408,A,428,LEU428,receptor_fixed.pdb
408,TRP409,A,429,TRP429,receptor_fixed.pdb
409,VAL410,A,430,VAL430,receptor_fixed.pdb
410,VAL411,A,431,VAL431,receptor_fixed.pdb
411,PHE412,A,432,PHE432,receptor_fixed.pdb
412,ILE413,A,433,ILE433,receptor_fixed.pdb
413,VAL414,A,434,VAL434,receptor_fixed.pdb
414,VAL415,A,435,VAL435,receptor_fixed.pdb
415,VAL416,A,436,VAL436,receptor_fixed.pdb
416,SER417,A,437,SER437,receptor_fixed.pdb
417,VAL418,A,438,VAL438,receptor_fixed.pdb
418,ALA419,A,439,ALA439,receptor_fixed.pdb
419,TRP420,A,440,TRP440,receptor_fixed.pdb
420,LEU421,A,441,LEU441,receptor_fixed.pdb
421,PRO422,A,442,PRO442,receptor_fixed.pdb
422,VAL423,A,443,VAL443,receptor_fixed.pdb
423,VAL424,A,444,VAL444,receptor_fixed.pdb
424,GLN425,A,445,GLN445,receptor_fixed.pdb
425,ALA426,A,446,ALA446,receptor_fixed.pdb
426,ALA427,A,447,ALA447,receptor_fixed.pdb
427,GLN428,A,448,GLN448,receptor_fixed.pdb
428,GLY429,A,449,GLY449,receptor_fixed.pdb
429,GLY430,A,450,GLY450,receptor_fixed.pdb
430,GLN431,A,451,GLN451,receptor_fixed.pdb
431,LEU432,A,452,LEU452,receptor_fixed.pdb
432,PHE433,A,453,PHE453,receptor_fixed.pdb
433,ASP434,A,454,ASP454,receptor_fixed.pdb
434,TYR435,A,455,TYR455,receptor_fixed.pdb
435,ILE436,A,456,ILE456,receptor_fixed.pdb
436,GLN437,A,457,GLN457,receptor_fixed.pdb
437,ALA438,A,458,ALA458,receptor_fixed.pdb
438,VAL439,A,459,VAL459,receptor_fixed.pdb
439,SER440,A,460,SER460,receptor_fixed.pdb
440,SER441,A,461,SER461,receptor_fixed.pdb
441,TYR442,A,462,TYR462,receptor_fixed.pdb
442,LEU443,A,463,LEU463,receptor_fixed.pdb
443,ALA444,A,464,ALA464,receptor_fixed.pdb
444,PRO445,A,465,PRO465,receptor_fixed.pdb
445,PRO446,A,466,PRO466,receptor_fixed.pdb
446,VAL447,A,467,VAL467,receptor_fixed.pdb
447,SER448,A,468,SER468,receptor_fixed.pdb
448,ALA449,A,469,ALA469,receptor_fixed.pdb
449,VAL450,A,470,VAL470,receptor_fixed.pdb
450,PHE451,A,471,PHE471,receptor_fixed.pdb
451,VAL452,A,472,VAL472,receptor_fixed.pdb
452,LEU453,A,473,LEU473,receptor_fixed.pdb
453,ALA454,A,474,ALA474,receptor_fixed.pdb
454,LEU455,A,475,LEU475,receptor_fixed.pdb
455,PHE456,A,476,PHE476,receptor_fixed.pdb
456,VAL457,A,477,VAL477,receptor_fixed.pdb
457,PRO458,A,478,PRO478,receptor_fixed.pdb
458,ARG459,A,479,ARG479,receptor_fixed.pdb
459,VAL460,A,480,VAL480,receptor_fixed.pdb
460,ASN461,A,481,ASN481,receptor_fixed.pdb
461,GLU462,A,482,GLU482,receptor_fixed.pdb
462,GLN463,A,483,GLN483,receptor_fixed.pdb
463,GLY464,A,484,GLY484,receptor_fixed.pdb
464,ALA465,A,485,ALA485,receptor_fixed.pdb
465,PHE466,A,486,PHE486,receptor_fixed.pdb
466,TRP467,A,487,TRP487,receptor_fixed.pdb
467,GLY468,A,488,GLY488,receptor_fixed.pdb
468,LEU469,A,489,LEU489,receptor_fixed.pdb
469,ILE470,A,490,ILE490,receptor_fixed.pdb
470,GLY471,A,491,GLY491,receptor_fixed.pdb
471,GLY472,A,492,GLY492,receptor_fixed.pdb
472,LEU473,A,493,LEU493,receptor_fixed.pdb
473,LEU474,A,494,LEU494,receptor_fixed.pdb
474,MET475,A,495,MET495,receptor_fixed.pdb
475,GLY476,A,496,GLY496,receptor_fixed.pdb
476,LEU477,A,497,LEU497,receptor_fixed.pdb
477,ALA478,A,498,ALA498,receptor_fixed.pdb
478,ARG479,A,499,ARG499,receptor_fixed.pdb
479,LEU480,A,500,LEU500,receptor_fixed.pdb
480,ILE481,A,501,ILE501,receptor_fixed.pdb
481,PRO482,A,502,PRO502,receptor_fixed.pdb
482,GLU483,A,503,GLU503,receptor_fixed.pdb
483,PHE484,A,504,PHE504,receptor_fixed.pdb
484,SER485,A,505,SER505,receptor_fixed.pdb
485,PHE486,A,506,PHE506,receptor_fixed.pdb
486,GLY487,A,507,GLY507,receptor_fixed.pdb
487,SER488,A,508,SER508,receptor_fixed.pdb
488,GLY489,A,509,GLY509,receptor_fixed.pdb
489,SER490,A,510,SER510,receptor_fixed.pdb
490,CYS491,A,511,CYS511,receptor_fixed.pdb
491,VAL492,A,512,VAL512,receptor_fixed.pdb
492,GLN493,A,513,GLN513,receptor_fixed.pdb
493,PRO494,A,514,PRO514,receptor_fixed.pdb
494,SER495,A,515,SER515,receptor_fixed.pdb
495,ALA496,A,516,ALA516,receptor_fixed.pdb
496,CYS497,A,517,CYS517,receptor_fixed.pdb
497,PRO498,A,518,PRO518,receptor_fixed.pdb
498,ALA499,A,519,ALA519,receptor_fixed.pdb
499,PHE500,A,520,PHE520,receptor_fixed.pdb
500,LEU501,A,521,LEU521,receptor_fixed.pdb
501,CYS502,A,522,CYS522,receptor_fixed.pdb
502,GLY503,A,523,GLY523,receptor_fixed.pdb
503,VAL504,A,524,VAL524,receptor_fixed.pdb
504,HIS505,A,525,HIS525,receptor_fixed.pdb
505,TYR506,A,526,TYR526,receptor_fixed.pdb
506,LEU507,A,527,LEU527,receptor_fixed.pdb
507,TYR508,A,528,TYR528,receptor_fixed.pdb
508,PHE509,A,529,PHE529,receptor_fixed.pdb
509,ALA510,A,530,ALA530,receptor_fixed.pdb
510,ILE511,A,531,ILE531,receptor_fixed.pdb
511,VAL512,A,532,VAL532,receptor_fixed.pdb
512,LEU513,A,533,LEU533,receptor_fixed.pdb
513,PHE514,A,534,PHE534,receptor_fixed.pdb
514,PHE515,A,535,PHE535,receptor_fixed.pdb
515,CYS516,A,536,CYS536,receptor_fixed.pdb
516,SER517,A,537,SER537,receptor_fixed.pdb
517,GLY518,A,538,GLY538,receptor_fixed.pdb
518,LEU519,A,539,LEU539,receptor_fixed.pdb
519,LEU520,A,540,LEU540,receptor_fixed.pdb
520,THR521,A,541,THR541,receptor_fixed.pdb
521,LEU522,A,542,LEU542,receptor_fixed.pdb
522,THR523,A,543,THR543,receptor_fixed.pdb
523,VAL524,A,544,VAL544,receptor_fixed.pdb
524,SER525,A,545,SER545,receptor_fixed.pdb
525,LEU526,A,546,LEU546,receptor_fixed.pdb
526,CYS527,A,547,CYS547,receptor_fixed.pdb
527,THR528,A,548,THR548,receptor_fixed.pdb
528,ALA529,A,549,ALA549,receptor_fixed.pdb
529,PRO530,A,550,PRO550,receptor_fixed.pdb
530,ILE531,A,551,ILE551,receptor_fixed.pdb
531,PRO532,A,552,PRO552,receptor_fixed.pdb
532,ARG533,A,553,ARG553,receptor_fixed.pdb
533,LYS534,A,554,LYS554,receptor_fixed.pdb
534,HIS535,A,555,HIS555,receptor_fixed.pdb
535,LEU536,A,556,LEU556,receptor_fixed.pdb
536,HIS537,A,557,HIS557,receptor_fixed.pdb
537,ARG538,A,558,ARG558,receptor_fixed.pdb
538,LEU539,A,559,LEU559,receptor_fixed.pdb
539,VAL540,A,560,VAL560,receptor_fixed.pdb
540,PHE541,A,561,PHE561,receptor_fixed.pdb
541,SER542,A,562,SER562,receptor_fixed.pdb
542,LEU543,A,563,LEU563,receptor_fixed.pdb
543,ARG544,A,564,ARG564,receptor_fixed.pdb
544,HIS545,A,565,HIS565,receptor_fixed.pdb
545,SER546,A,566,SER566,receptor_fixed.pdb
546,LYS547,A,567,LYS567,receptor_fixed.pdb
547,GLU548,A,568,GLU568,receptor_fixed.pdb
548,GLU549,A,569,GLU569,receptor_fixed.pdb
549,ARG550,A,570,ARG570,receptor_fixed.pdb
550,GLU551,A,571,GLU571,receptor_fixed.pdb
551,ASP552,A,572,ASP572,receptor_fixed.pdb
552,LEU553,A,573,LEU573,receptor_fixed.pdb
553,ASP554,A,574,ASP574,receptor_fixed.pdb
554,GLU555,A,641,GLU641,receptor_fixed.pdb
555,ASP556,A,642,ASP642,receptor_fixed.pdb
556,ILE557,A,643,ILE643,receptor_fixed.pdb
557,SER558,A,644,SER644,receptor_fixed.pdb
558,GLU559,A,645,GLU645,receptor_fixed.pdb
559,ASP560,A,646,ASP646,receptor_fixed.pdb
560,PRO561,A,647,PRO647,receptor_fixed.pdb
561,SER562,A,648,SER648,receptor_fixed.pdb
562,TRP563,A,649,TRP649,receptor_fixed.pdb
563,ALA564,A,650,ALA650,receptor_fixed.pdb
564,ARG565,A,651,ARG651,receptor_fixed.pdb
565,VAL566,A,652,VAL652,receptor_fixed.pdb
566,VAL567,A,653,VAL653,receptor_fixed.pdb
567,ASN568,A,654,ASN654,receptor_fixed.pdb
568,LEU569,A,655,LEU655,receptor_fixed.pdb
569,ASN570,A,656,ASN656,receptor_fixed.pdb
570,ALA571,A,657,ALA657,receptor_fixed.pdb
571,LEU572,A,658,LEU658,receptor_fixed.pdb
572,LEU573,A,659,LEU659,receptor_fixed.pdb
573,MET574,A,660,MET660,receptor_fixed.pdb
574,MET575,A,661,MET661,receptor_fixed.pdb
575,ALA576,A,662,ALA662,receptor_fixed.pdb
576,VAL577,A,663,VAL663,receptor_fixed.pdb
577,ALA578,A,664,ALA664,receptor_fixed.pdb
578,VAL579,A,665,VAL665,receptor_fixed.pdb
579,PHE580,A,666,PHE666,receptor_fixed.pdb
580,LEU581,A,667,LEU667,receptor_fixed.pdb
581,TRP582,A,668,TRP668,receptor_fixed.pdb
582,GLY583,A,669,GLY669,receptor_fixed.pdb
583,PHE584,A,670,PHE670,receptor_fixed.pdb
584,TYR585,A,671,TYR671,receptor_fixed.pdb
585,ALA586,A,672,ALA672,receptor_fixed.pdb
586,UNK1,B,1,UNK1,trajectory_topology
