atom_index,residue,rmsf_A
4,ASP1,2.6910713739150562
16,ASN2,1.73204570274034
29,PRO3,1.2420703009719725
44,ALA4,0.8511108683658704
54,ASP5,0.6531706896290511
66,ILE6,0.676630949554488
85,LEU7,0.6553408114369019
104,VAL8,0.5173847532106043
120,ILE9,0.4907096222667021
139,ALA10,0.5696956796114067
149,ALA11,0.5684597240875127
159,TYR12,0.4750779505931924
180,PHE13,0.5071715477477527
200,LEU14,0.5838340997997848
219,LEU15,0.5786992311111032
238,VAL16,0.5356888082358026
254,ILE17,0.6070886558725551
273,GLY18,0.6899620927095216
280,VAL19,0.6635475996249884
296,GLY20,0.7764498646827922
303,LEU21,0.8712707413943123
322,TRP22,0.8570294967096752
346,SER23,0.9009722374268258
357,MET24,1.2442921220607277
374,CYS25,1.2865082821323457
385,ARG26,1.027670311146967
409,THR27,1.1131102421954955
423,ASN28,1.1697902810066563
437,ARG29,1.1853670649216281
461,GLY30,1.5124986914012024
468,THR31,1.189215562348461
482,VAL32,0.9501795635234302
498,GLY33,1.0478042380939792
505,GLY34,0.9417187166891138
512,TYR35,0.7412574154377548
533,PHE36,0.6701470251794537
553,LEU37,0.7392825868261739
572,ALA38,0.6905694714817576
582,GLY39,0.9515206839519418
589,ARG40,0.8235602455466079
613,SER41,0.9844327624479626
624,MET42,0.7529738100552916
641,VAL43,0.7938378386858841
657,TRP44,0.6164099477772843
681,TRP45,0.6586434998828523
704,PRO46,0.5904310510320503
719,VAL47,0.5011437542305721
735,GLY48,0.5164284059950803
742,ALA49,0.5310617822615273
752,SER50,0.4774933107731286
763,LEU51,0.44006225259335496
782,PHE52,0.4930028182950355
802,ALA53,0.5745385483068033
812,SER54,0.5675368216539249
823,ASN55,0.6974741730655808
837,ILE56,0.6794544382846153
856,GLY57,0.6767879026552908
863,SER58,0.5806194514799008
874,GLY59,0.7230301376189313
881,HIS60,0.6609954507108395
898,PHE61,0.6163973650628336
918,VAL62,0.6086359916065575
934,GLY63,0.6938024324138538
941,LEU64,0.5409369147959866
960,ALA65,0.5555277989374713
970,GLY66,0.5805636017631696
977,THR67,0.5693901302137632
991,GLY68,0.5654369804208159
998,ALA69,0.5985314807793092
1008,ALA70,0.6709167295665764
1018,SER71,0.6932876757727295
1029,GLY72,0.6439242289228287
1036,LEU73,0.533306756556926
1055,ALA74,0.5021936799290844
1065,VAL75,0.4497474195386209
1081,ALA76,0.4613323072328898
1091,GLY77,0.48520177767580086
1098,PHE78,0.5750825410268271
1118,GLU79,0.5166540701350162
1133,TRP80,0.4061292075040984
1157,ASN81,0.4334159024111551
1171,ALA82,0.47722009533967824
1181,LEU83,0.4839874985488049
1200,PHE84,0.5433944804284013
1220,VAL85,0.47873227817836883
1236,VAL86,0.5149279746418847
1252,LEU87,0.5482803110155787
1271,LEU88,0.550336920917658
1290,LEU89,0.5114006321381475
1309,GLY90,0.5043258361110061
1316,TRP91,0.49853792770025274
1340,LEU92,0.5156875889650963
1359,PHE93,0.5132951765174083
1379,ALA94,0.5619864424429061
1388,PRO95,0.5830651325942774
1403,VAL96,0.5523501028253416
1419,TYR97,0.5995609876996648
1440,LEU98,0.6890500036537263
1459,THR99,0.7128193475070131
1473,ALA100,0.7273528478121996
1483,GLY101,0.8073419114507012
1490,VAL102,0.698761740517898
1506,ILE103,0.6470633712754563
1525,THR104,0.5351737136221275
1539,MET105,0.5080110650695209
1555,PRO106,0.5319284756714965
1570,GLN107,0.5693025062663777
1587,TYR108,0.5889112298666356
1608,LEU109,0.5847219529723893
1627,ARG110,0.5823810272386364
1651,LYS111,0.6173984174088104
1673,ARG112,0.5806826054345351
1697,PHE113,0.653594442451087
1717,GLY114,1.196625065901564
1724,GLY115,1.0094716133416888
1731,ARG116,0.9937190580140555
1755,ARG117,0.8916320105766451
1779,ILE118,0.7693776385991531
1798,ARG119,0.7290994826801878
1822,LEU120,0.7472938456669516
1841,TYR121,0.8765598022431466
1862,LEU122,0.6941987558871285
1881,SER123,0.5128955117981544
1892,VAL124,0.5876411486894837
1908,LEU125,0.6635050544368606
1927,SER126,0.5614666423474668
1938,LEU127,0.5363364643619808
1957,PHE128,0.6810623707817183
1977,LEU129,0.6415839593937716
1996,TYR130,0.48182988305466923
2017,ILE131,0.6084051059562027
2036,PHE132,0.8465542257759723
2056,THR133,0.8072727362681023
2070,LYS134,0.5418652229285535
2092,ILE135,0.6098436000095335
2111,SER136,0.8115765992960976
2122,VAL137,0.8568457870360648
2138,ASP138,0.8472307281261661
2150,MET139,0.861827548130955
2167,PHE140,0.8265418175861029
2187,SER141,0.5391470684570517
2198,GLY142,0.5945148039075717
2205,ALA143,0.6560302331603184
2215,VAL144,0.6104927811562855
2231,PHE145,0.5060685999259272
2251,ILE146,0.5976372701278982
2270,GLN147,0.7234484696889698
2287,GLN148,0.7179603757107001
2304,ALA149,0.7932833724103326
2314,LEU150,0.9719024044041582
2333,GLY151,1.022326747636554
2340,TRP152,0.8958097913903953
2364,ASN153,0.8729404599521191
2378,ILE154,0.8456573841823762
2397,TYR155,0.8726330715401913
2418,ALA156,0.7825768136112398
2428,SER157,0.7061168715390577
2439,VAL158,0.6578367677027713
2455,ILE159,0.6111852713425926
2474,ALA160,0.6959692810977804
2484,LEU161,0.6550310795914129
2503,LEU162,0.5571424727110942
2522,GLY163,0.6379515793916317
2529,ILE164,0.5703294651801522
2548,THR165,0.46299571945520557
2562,MET166,0.45986531430012084
2579,ILE167,0.48611991361116336
2598,TYR168,0.4452417096599366
2619,THR169,0.4520125613521271
2633,VAL170,0.553235473400536
2649,THR171,0.6411559377828785
2663,GLY172,0.7352512594597388
2670,GLY173,0.81943723730558
2677,LEU174,0.5083819652072098
2696,ALA175,0.7055354660336646
2706,ALA176,0.5771521685117919
2716,LEU177,0.5019846199117417
2735,MET178,0.5676221050304663
2752,TYR179,0.5094619509386793
2773,THR180,0.414336975503072
2787,ASP181,0.3874055827780327
2799,THR182,0.46235148098829093
2813,VAL183,0.4765628814539873
2829,GLN184,0.4427626896759612
2846,THR185,0.47868811040208614
2860,PHE186,0.47414235054293735
2880,VAL187,0.4625333183260405
2896,ILE188,0.45954530476358013
2915,LEU189,0.5058617924920874
2934,GLY190,0.5570077765071422
2941,GLY191,0.4742253966007995
2948,ALA192,0.4493052730824816
2958,CYS193,0.4479381075121347
2969,ILE194,0.46884332076160984
2988,LEU195,0.45932324152393145
3007,MET196,0.48861848291259335
3024,GLY197,0.5675054804032083
3031,TYR198,0.5439001346695558
3052,ALA199,0.5340927087292312
3062,PHE200,0.5829167539364684
3082,HIS201,0.6604447007917092
3099,GLU202,0.6847313502350763
3114,VAL203,0.7469828177341887
3130,GLY204,0.9384671293895597
3137,GLY205,0.7842669327146569
3144,TYR206,0.7702620436548718
3165,SER207,0.8236331120799013
3176,GLY208,0.8745476950870414
3183,LEU209,0.7073938513434218
3202,PHE210,0.7578994384693201
3222,ASP211,0.8796970410336631
3234,LYS212,0.7515786328599074
3256,TYR213,0.7165237538654495
3277,LEU214,0.9399290013823375
3296,GLY215,1.207111032499624
3303,ALA216,1.2573181428798055
3313,ALA217,1.3728300831249252
3323,THR218,1.9261937662882382
3337,SER219,2.6189806479559037
3348,LEU220,2.704394234106865
3367,THR221,2.5863413987127477
3381,VAL222,4.007816197575201
3397,SER223,4.71283422409119
3408,GLU224,5.440094871105385
3423,ASP225,4.679350998445136
3434,PRO226,3.8956582489292706
3449,ALA227,3.6753081699681776
3459,VAL228,2.4839705073343152
3475,GLY229,2.3600975705650242
3482,ASN230,2.4298419064831474
3496,ILE231,2.1657025269768573
3515,SER232,1.6159240049438874
3526,SER233,1.341648064790735
3537,PHE234,1.45824972372449
3557,CYS235,1.4078270607622438
3567,TYR236,1.1809160633871456
3588,ARG237,0.9828701948858785
3611,PRO238,0.8826526917857304
3626,ARG239,1.1215709279529378
3649,PRO240,1.2304578395824484
3664,ASP241,0.7260188187492433
3676,SER242,0.5894890045738659
3687,TYR243,0.6796358814335496
3708,HIS244,0.6462867346667022
3725,LEU245,0.5924762894073973
3744,LEU246,0.6998312863722806
3763,ARG247,0.644522889500065
3787,HIS248,0.8812940421730373
3803,PRO249,1.1699365521132343
3818,VAL250,1.2117137972526317
3834,THR251,1.291810678386021
3848,GLY252,2.0123301108025817
3855,ASP253,0.8490125948213663
3867,LEU254,0.6600116721062194
3885,PRO255,0.6262701081666178
3900,TRP256,0.6173767297779891
3923,PRO257,0.6843671699351551
3938,ALA258,0.6349549661600395
3948,LEU259,0.5523424353948151
3967,LEU260,0.5699853497792993
3986,LEU261,0.5971538304044834
4005,GLY262,0.5831851919144457
4012,LEU263,0.5035059167370954
4031,THR264,0.49295832563479924
4045,ILE265,0.5161929164299248
4064,VAL266,0.49305593766391376
4080,SER267,0.6547569824626991
4091,GLY268,0.8210642163487756
4098,TRP269,0.6729682974273794
4122,TYR270,0.49413754582737446
4143,TRP271,0.5505042784109139
4167,CYS272,0.6388587148355694
4178,SER273,0.7778875999308008
4189,ASP274,0.7003223985447833
4201,GLN275,0.4838326523937025
4218,VAL276,0.6090113922426522
4234,ILE277,0.5882349909672453
4253,VAL278,0.5670337648461201
4269,GLN279,0.5643225574120371
4286,ARG280,0.5925543037570766
4310,CYS281,0.8027328876121951
4321,LEU282,0.9085023013599098
4340,ALA283,0.6697614902728753
4350,GLY284,1.1623108134121287
4357,LYS285,2.1246787283192354
4379,SER286,0.6548431793493574
4390,LEU287,0.5331977472208387
4409,THR288,0.5167541027428209
4423,HIS289,0.5621622226187433
4440,ILE290,0.47976334945615984
4459,LYS291,0.41820175684827643
4481,ALA292,0.446779484591627
4491,GLY293,0.443090262428072
4498,CYS294,0.42598028515200753
4509,ILE295,0.532987986727403
4528,LEU296,0.46915296641808435
4547,CYS297,0.4275882770895808
4558,GLY298,0.4641040828094941
4565,TYR299,0.4830163211499746
4586,LEU300,0.48840595308219203
4605,LYS301,0.46076572491842127
4627,LEU302,0.4819123020709342
4646,THR303,0.45044426053789083
4659,PRO304,0.473117474055679
4674,MET305,0.44049116037544883
4691,PHE306,0.43022390729765875
4711,LEU307,0.4397980032504979
4730,MET308,0.47989500317724915
4747,VAL309,0.4710773636632566
4763,MET310,0.48448641907471346
4779,PRO311,0.4953030673651194
4794,GLY312,0.5790716471660902
4801,MET313,0.5988952251589931
4818,ILE314,0.5434390481669125
4837,SER315,0.558582687491734
4848,ARG316,0.7335806946635537
4872,ILE317,0.7608263246501389
4891,LEU318,0.8070484219604608
4910,TYR319,0.907771308990656
4930,PRO320,1.02061619494666
4945,ASP321,1.244526032937786
4957,GLU322,1.130030991218589
4972,VAL323,0.9721285614200743
4988,ALA324,1.376607643125522
4998,CYS325,1.867995441438284
5008,VAL326,2.1244223335568897
5024,VAL327,2.5431096551259955
5039,PRO328,2.7344522625531
5054,GLU329,3.0245442396108158
5069,VAL330,2.5213766408749
5085,CYS331,2.069608047787164
5095,ARG332,2.524645329294781
5119,ARG333,2.709172209650566
5143,VAL334,2.1618464314364534
5159,CYS335,1.680544168748136
5169,GLY336,2.1587275235957133
5176,THR337,2.1703583091275855
5190,GLU338,2.5939123028102067
5205,VAL339,2.1166786571366485
5221,GLY340,1.6356584136167862
5228,CYS341,1.0830470736272986
5238,SER342,0.8518313238838487
5249,ASN343,0.9695585754264107
5263,ILE344,0.6704614271788679
5282,ALA345,0.5926747344248994
5292,TYR346,0.5421255844170059
5312,PRO347,0.5641393584270394
5327,ARG348,0.5657954174300953
5351,LEU349,0.5533322289606317
5370,VAL350,0.5693040842000483
5386,VAL351,0.6292159189913498
5402,LYS352,0.6970605980241924
5424,LEU353,0.6991179232643752
5443,MET354,0.6624543218220263
5459,PRO355,0.7097162740134454
5474,ASN356,0.7299196342097282
5488,GLY357,0.6866041145435431
5495,LEU358,0.6698567324370002
5514,ARG359,0.6467351760047318
5538,GLY360,0.5093695870348776
5545,LEU361,0.48208840717890605
5564,MET362,0.4989760181719808
5581,LEU363,0.472795206405745
5600,ALA364,0.4253966487387104
5610,VAL365,0.4202653834638303
5626,MET366,0.43718794133439576
5643,LEU367,0.3860483220435199
5662,ALA368,0.3746511605633454
5672,ALA369,0.42160789781288505
5682,LEU370,0.4255732655054495
5701,MET371,0.393322432074999
5718,SER372,0.42217546617513946
5729,SER373,0.4768360015139856
5740,LEU374,0.410502114134598
5759,ALA375,0.37026548436293466
5769,SER376,0.3831252161728832
5780,ILE377,0.363782038391967
5799,PHE378,0.37257258207892946
5819,ASN379,0.39695663982155843
5833,SER380,0.393041671001588
5844,SER381,0.397802104552036
5855,SER382,0.4129615358416967
5866,THR383,0.43256491903213945
5880,LEU384,0.4614947666189486
5899,PHE385,0.5070194128254178
5919,THR386,0.5210313556395806
5933,MET387,0.5699027549725711
5950,ASP388,0.5908686611052371
5962,ILE389,0.6800223490055275
5981,TYR390,0.7401954924818499
6002,THR391,0.8164624288362249
6016,ARG392,1.0978625058473128
6040,LEU393,1.223584510813451
6059,ARG394,1.17676577398273
6082,PRO395,1.2583413208492589
6097,ARG396,1.3329906912555953
6121,ALA397,1.0945882067310138
6131,GLY398,1.1010168055781338
6138,ASP399,0.988407929001929
6150,ARG400,0.9615426694211657
6174,GLU401,0.8522837517466795
6189,LEU402,0.7239697352751968
6208,LEU403,0.672387026710019
6227,LEU404,0.7040260575624234
6246,VAL405,0.6465830119364918
6262,GLY406,0.5850886140315269
6269,ARG407,0.5581416086747373
6293,LEU408,0.6187784557097077
6312,TRP409,0.5065966370033241
6336,VAL410,0.5792251016631733
6352,VAL411,0.6677954243358014
6368,PHE412,0.6181829123711015
6388,ILE413,0.5475243983761082
6407,VAL414,0.5524645468200174
6423,VAL415,0.611647081277485
6439,VAL416,0.6036516442950385
6455,SER417,0.5716638223616464
6466,VAL418,0.6835791796572248
6482,ALA419,0.7268000444639654
6492,TRP420,0.7014454213880577
6516,LEU421,0.7725140591898856
6534,PRO422,0.9375416468672265
6549,VAL423,0.9244121412062772
6565,VAL424,0.8528346298925283
6581,GLN425,1.2700303273030802
6598,ALA426,1.549227793849349
6608,ALA427,1.537716660960202
6618,GLN428,2.004955142825219
6635,GLY429,2.114831659790935
6642,GLY430,1.7903679418647478
6649,GLN431,0.8789070177093973
6666,LEU432,0.7140839994236737
6685,PHE433,0.6892178485059088
6705,ASP434,0.6856264881211895
6717,TYR435,0.6233630524799458
6738,ILE436,0.6049689165423594
6757,GLN437,0.6133793311446593
6774,ALA438,0.5046024665184586
6784,VAL439,0.5628165486216609
6800,SER440,0.6120705616408748
6811,SER441,0.5014627750657406
6822,TYR442,0.5074388637122869
6843,LEU443,0.5573599838818583
6862,ALA444,0.5251685770351959
6871,PRO445,0.5027039174213194
6885,PRO446,0.5518764865402944
6900,VAL447,0.5421862846006671
6916,SER448,0.5404395712079972
6927,ALA449,0.47329927732307786
6937,VAL450,0.5468665822096451
6953,PHE451,0.6220440084725478
6973,VAL452,0.6606317694641729
6989,LEU453,0.6216774590316594
7008,ALA454,0.6438074232236678
7018,LEU455,0.7648031284802175
7037,PHE456,0.8285106663035249
7057,VAL457,0.7611823453349897
7072,PRO458,0.7585747198397497
7087,ARG459,0.8021691323094872
7111,VAL460,0.7051962253764653
7127,ASN461,0.7558106809141416
7141,GLU462,0.7782064590253772
7156,GLN463,0.6816728619769279
7173,GLY464,0.7310529769896056
7180,ALA465,0.6914048569632418
7190,PHE466,0.6762344827368978
7210,TRP467,0.7094661939928697
7234,GLY468,0.7232603723243393
7241,LEU469,0.6944472120686594
7260,ILE470,0.713417651624962
7279,GLY471,0.6989980567028063
7286,GLY472,0.6268697640142713
7293,LEU473,0.6192761008259556
7312,LEU474,0.6520090418104674
7331,MET475,0.6115975494579272
7348,GLY476,0.6064622437327901
7355,LEU477,0.6773715085167928
7374,ALA478,0.6533250332669467
7384,ARG479,0.5905553503040737
7408,LEU480,0.6647542222613385
7427,ILE481,0.7653750608792249
7445,PRO482,0.9131771275315465
7460,GLU483,0.9659966562529017
7475,PHE484,0.9735312841015284
7495,SER485,1.0610318381542412
7506,PHE486,1.1317919746936005
7526,GLY487,1.7049052587754132
7533,SER488,2.5857143020654942
7544,GLY489,2.4972226902300783
7551,SER490,2.5168975787983157
7562,CYS491,2.001706909400717
7572,VAL492,3.206259823942708
7588,GLN493,3.060423319737955
7604,PRO494,2.575324732324062
7619,SER495,1.917623388565699
7630,ALA496,1.6175228385359692
7640,CYS497,1.2806582559376831
7649,PRO498,1.3531080644848295
7664,ALA499,1.3777240268080024
7674,PHE500,1.4306659993809552
7694,LEU501,1.4176776436253467
7713,CYS502,1.2651933740531063
7723,GLY503,1.1927025268231763
7730,VAL504,0.8085114688470618
7746,HIS505,0.6226428769955035
7763,TYR506,0.5058187763459306
7784,LEU507,0.49910933604540986
7803,TYR508,0.541073532997919
7824,PHE509,0.5197335740577057
7844,ALA510,0.4619335900617003
7854,ILE511,0.49389012269502963
7873,VAL512,0.5595067515149157
7889,LEU513,0.4918609136654129
7908,PHE514,0.45532370240003617
7928,PHE515,0.5065978991853
7948,CYS516,0.5371984795423017
7959,SER517,0.5044613035073167
7970,GLY518,0.5275373036366312
7977,LEU519,0.5933951996292577
7996,LEU520,0.6153582536753552
8015,THR521,0.5972602792085252
8029,LEU522,0.7138905747512198
8048,THR523,0.7965603761199032
8062,VAL524,0.8163332105407277
8078,SER525,0.8523245485515653
8089,LEU526,0.9892429208680588
8108,CYS527,1.0982946812447545
8119,THR528,1.1291831447868714
8133,ALA529,1.2595188416150287
8142,PRO530,1.093435966066749
8157,ILE531,0.9630853227533359
8175,PRO532,1.320420336307537
8190,ARG533,1.4142261329401422
8214,LYS534,1.9602148529378391
8236,HIS535,1.5742403380195193
8253,LEU536,0.8617727628991824
8272,HIS537,1.230655950469982
8289,ARG538,1.462947055765254
8313,LEU539,1.1008995611123642
8332,VAL540,0.6570463760429167
8348,PHE541,0.6948269521851079
8368,SER542,1.1902297315591555
8379,LEU543,1.1532099508438782
8398,ARG544,1.347440588056158
8422,HIS545,1.8346426607295918
8439,SER546,2.132765077523067
8450,LYS547,2.6777785153836176
8472,GLU548,2.58875814839818
8487,GLU549,2.646887948945269
8502,ARG550,2.401613690841947
8526,GLU551,2.2313538685171093
8541,ASP552,2.615823539582531
8553,LEU553,1.7234070634149448
8572,ASP554,1.6540921934627488
8584,GLU555,1.4338259083867466
8599,ASP556,1.7722806368694268
8611,ILE557,1.4651220885523157
8630,SER558,1.3412342596389402
8641,GLU559,0.9819883780319902
8656,ASP560,0.895772291649854
8667,PRO561,1.1644858304421721
8682,SER562,1.182895330611871
8693,TRP563,0.7817665701386249
8717,ALA564,0.699581997837176
8727,ARG565,0.7288469228744963
8751,VAL566,0.6801009244198335
8767,VAL567,0.5505319124424092
8783,ASN568,0.5618255316861939
8797,LEU569,0.616402031016932
8816,ASN570,0.5578318228131189
8830,ALA571,0.5110179149612686
8840,LEU572,0.5812820225579234
8859,LEU573,0.5892017639566344
8878,MET574,0.5535522874945094
8895,MET575,0.5985737240971271
8912,ALA576,0.6257461821847758
8922,VAL577,0.6024850523249587
8938,ALA578,0.5897769020743462
8948,VAL579,0.6206702763186474
8964,PHE580,0.6402416417548938
8984,LEU581,0.5926662406129306
9003,TRP582,0.5377269704868387
9027,GLY583,0.6509775908663605
9034,PHE584,0.6593598188076251
9054,TYR585,0.6080188042257286
9075,ALA586,0.639273326660409
