replicate,atom_index,residue,rmsf_A
rep1,4,ASP1,10.462072
rep1,16,ASN2,9.774632
rep1,29,PRO3,0.9516318
rep1,44,ALA4,0.75894946
rep1,54,ASP5,0.72803384
rep1,66,ILE6,0.74300915
rep1,85,LEU7,0.68241286
rep1,104,VAL8,0.59777087
rep1,120,ILE9,0.6581609
rep1,139,ALA10,0.7324151
rep1,149,ALA11,0.71470946
rep1,159,TYR12,0.6784117
rep1,180,PHE13,0.76875216
rep1,200,LEU14,0.8274129
rep1,219,LEU15,0.7955777
rep1,238,VAL16,0.9055562
rep1,254,ILE17,0.94781923
rep1,273,GLY18,0.7799607
rep1,280,VAL19,0.67350566
rep1,296,GLY20,0.7894418
rep1,303,LEU21,0.9571897
rep1,322,TRP22,0.85842323
rep1,346,SER23,0.61723226
rep1,357,MET24,1.021748
rep1,374,CYS25,1.2931103
rep1,385,ARG26,0.9235868
rep1,409,THR27,0.6539809
rep1,423,ASN28,0.856281
rep1,437,ARG29,0.7730991
rep1,461,GLY30,0.9510282
rep1,468,THR31,0.77246165
rep1,482,VAL32,0.7684729
rep1,498,GLY33,0.8205349
rep1,505,GLY34,0.6596463
rep1,512,TYR35,0.4912902
rep1,533,PHE36,0.4748055
rep1,553,LEU37,0.56538355
rep1,572,ALA38,0.62761664
rep1,582,GLY39,0.721997
rep1,589,ARG40,0.67635983
rep1,613,SER41,0.8457701
rep1,624,MET42,0.6857854
rep1,641,VAL43,0.73200953
rep1,657,TRP44,0.55580807
rep1,681,TRP45,0.58074903
rep1,704,PRO46,0.53480816
rep1,719,VAL47,0.48000044
rep1,735,GLY48,0.47637984
rep1,742,ALA49,0.49153045
rep1,752,SER50,0.623854
rep1,763,LEU51,0.59784853
rep1,782,PHE52,0.46760336
rep1,802,ALA53,0.5163562
rep1,812,SER54,0.66074246
rep1,823,ASN55,0.5734547
rep1,837,ILE56,0.4968303
rep1,856,GLY57,0.5571458
rep1,863,SER58,0.49903813
rep1,874,GLY59,0.5515462
rep1,881,HIS60,0.45672148
rep1,898,PHE61,0.52232003
rep1,918,VAL62,0.5156257
rep1,934,GLY63,0.6508827
rep1,941,LEU64,0.5175562
rep1,960,ALA65,0.46766543
rep1,970,GLY66,0.51697534
rep1,977,THR67,0.5420801
rep1,991,GLY68,0.54906785
rep1,998,ALA69,0.59127396
rep1,1008,ALA70,0.7825718
rep1,1018,SER71,0.73068154
rep1,1029,GLY72,0.74615806
rep1,1036,LEU73,0.6306107
rep1,1055,ALA74,0.6290585
rep1,1065,VAL75,0.52426004
rep1,1081,ALA76,0.517531
rep1,1091,GLY77,0.51266295
rep1,1098,PHE78,0.45081192
rep1,1118,GLU79,0.4492966
rep1,1133,TRP80,0.4740462
rep1,1157,ASN81,0.49262378
rep1,1171,ALA82,0.58547413
rep1,1181,LEU83,0.7416568
rep1,1200,PHE84,0.6961132
rep1,1220,VAL85,0.5397086
rep1,1236,VAL86,0.67462134
rep1,1252,LEU87,0.706451
rep1,1271,LEU88,0.6050239
rep1,1290,LEU89,0.59957016
rep1,1309,GLY90,0.57242435
rep1,1316,TRP91,0.52487063
rep1,1340,LEU92,0.58576024
rep1,1359,PHE93,0.5951371
rep1,1379,ALA94,0.59436893
rep1,1388,PRO95,0.57640517
rep1,1403,VAL96,0.5601807
rep1,1419,TYR97,0.56778324
rep1,1440,LEU98,0.6819992
rep1,1459,THR99,0.77119595
rep1,1473,ALA100,0.83345187
rep1,1483,GLY101,0.9314126
rep1,1490,VAL102,0.77923906
rep1,1506,ILE103,0.81109726
rep1,1525,THR104,0.5583651
rep1,1539,MET105,0.59411967
rep1,1555,PRO106,0.54300416
rep1,1570,GLN107,0.6353632
rep1,1587,TYR108,0.5977789
rep1,1608,LEU109,0.67069423
rep1,1627,ARG110,0.83618706
rep1,1651,LYS111,0.7294372
rep1,1673,ARG112,0.64646214
rep1,1697,PHE113,0.8666409
rep1,1717,GLY114,1.0060657
rep1,1724,GLY115,0.9618565
rep1,1731,ARG116,0.90241367
rep1,1755,ARG117,0.76429313
rep1,1779,ILE118,0.6792328
rep1,1798,ARG119,0.5990901
rep1,1822,LEU120,0.58564246
rep1,1841,TYR121,0.6712501
rep1,1862,LEU122,0.5722362
rep1,1881,SER123,0.4704123
rep1,1892,VAL124,0.5713222
rep1,1908,LEU125,0.6841241
rep1,1927,SER126,0.6231311
rep1,1938,LEU127,0.54726774
rep1,1957,PHE128,0.7515407
rep1,1977,LEU129,0.89626735
rep1,1996,TYR130,0.73312634
rep1,2017,ILE131,0.7706766
rep1,2036,PHE132,0.83932096
rep1,2056,THR133,0.7549249
rep1,2070,LYS134,0.6590198
rep1,2092,ILE135,0.6576413
rep1,2111,SER136,0.6524749
rep1,2122,VAL137,0.6240238
rep1,2138,ASP138,0.5828602
rep1,2150,MET139,0.8756512
rep1,2167,PHE140,0.8397145
rep1,2187,SER141,0.555943
rep1,2198,GLY142,0.6939613
rep1,2205,ALA143,0.85673106
rep1,2215,VAL144,0.7081045
rep1,2231,PHE145,0.55192983
rep1,2251,ILE146,0.63658154
rep1,2270,GLN147,0.6948828
rep1,2287,GLN148,0.64949596
rep1,2304,ALA149,0.7964004
rep1,2314,LEU150,0.95693356
rep1,2333,GLY151,1.0012602
rep1,2340,TRP152,1.2864165
rep1,2364,ASN153,1.0577558
rep1,2378,ILE154,1.180007
rep1,2397,TYR155,1.1654202
rep1,2418,ALA156,1.1534249
rep1,2428,SER157,1.3120973
rep1,2439,VAL158,1.2189894
rep1,2455,ILE159,0.8442349
rep1,2474,ALA160,1.2437555
rep1,2484,LEU161,1.4104153
rep1,2503,LEU162,1.1644099
rep1,2522,GLY163,1.2035216
rep1,2529,ILE164,1.1523688
rep1,2548,THR165,1.0397966
rep1,2562,MET166,1.0260584
rep1,2579,ILE167,0.9466332
rep1,2598,TYR168,0.69774806
rep1,2619,THR169,0.6387652
rep1,2633,VAL170,0.65658057
rep1,2649,THR171,0.6714284
rep1,2663,GLY172,0.5898382
rep1,2670,GLY173,0.5550796
rep1,2677,LEU174,0.46949324
rep1,2696,ALA175,0.526728
rep1,2706,ALA176,0.47760192
rep1,2716,LEU177,0.5022789
rep1,2735,MET178,0.5644636
rep1,2752,TYR179,0.53272986
rep1,2773,THR180,0.61936057
rep1,2787,ASP181,0.5702126
rep1,2799,THR182,0.5045562
rep1,2813,VAL183,0.5348321
rep1,2829,GLN184,0.5541075
rep1,2846,THR185,0.51242304
rep1,2860,PHE186,0.55458957
rep1,2880,VAL187,0.5483104
rep1,2896,ILE188,0.51149595
rep1,2915,LEU189,0.5208243
rep1,2934,GLY190,0.61526364
rep1,2941,GLY191,0.5386169
rep1,2948,ALA192,0.48002452
rep1,2958,CYS193,0.5050046
rep1,2969,ILE194,0.5476893
rep1,2988,LEU195,0.5089916
rep1,3007,MET196,0.5489364
rep1,3024,GLY197,0.6076304
rep1,3031,TYR198,0.5789482
rep1,3052,ALA199,0.52783304
rep1,3062,PHE200,0.5572813
rep1,3082,HIS201,0.6626347
rep1,3099,GLU202,0.6682512
rep1,3114,VAL203,0.6785491
rep1,3130,GLY204,0.9318554
rep1,3137,GLY205,0.9018444
rep1,3144,TYR206,0.9235465
rep1,3165,SER207,0.8080896
rep1,3176,GLY208,0.7462639
rep1,3183,LEU209,0.6359118
rep1,3202,PHE210,0.6809794
rep1,3222,ASP211,0.7315488
rep1,3234,LYS212,0.64156324
rep1,3256,TYR213,0.5940105
rep1,3277,LEU214,0.79962975
rep1,3296,GLY215,0.88488626
rep1,3303,ALA216,0.9153169
rep1,3313,ALA217,0.9208853
rep1,3323,THR218,0.8462335
rep1,3337,SER219,1.0803803
rep1,3348,LEU220,1.3021256
rep1,3367,THR221,1.3456923
rep1,3381,VAL222,1.7992926
rep1,3397,SER223,2.3787904
rep1,3408,GLU224,2.9742649
rep1,3423,ASP225,3.2330222
rep1,3434,PRO226,3.4387016
rep1,3449,ALA227,3.9180088
rep1,3459,VAL228,3.3133304
rep1,3475,GLY229,2.8077266
rep1,3482,ASN230,2.2423937
rep1,3496,ILE231,1.7132607
rep1,3515,SER232,1.9466684
rep1,3526,SER233,1.6578593
rep1,3537,PHE234,1.8049575
rep1,3557,CYS235,1.4663565
rep1,3567,TYR236,1.0576241
rep1,3588,ARG237,1.0139481
rep1,3611,PRO238,0.8936168
rep1,3626,ARG239,0.93055195
rep1,3649,PRO240,0.9872885
rep1,3664,ASP241,0.77663696
rep1,3676,SER242,0.6703589
rep1,3687,TYR243,0.64345884
rep1,3708,HIS244,0.6509737
rep1,3725,LEU245,0.74037343
rep1,3744,LEU246,0.801208
rep1,3763,ARG247,0.76626176
rep1,3787,HIS248,0.9318477
rep1,3803,PRO249,1.0301099
rep1,3818,VAL250,1.3645947
rep1,3834,THR251,1.2559628
rep1,3848,GLY252,1.6702186
rep1,3855,ASP253,0.9582442
rep1,3867,LEU254,0.6530577
rep1,3885,PRO255,0.6882695
rep1,3900,TRP256,0.6615481
rep1,3923,PRO257,0.66288227
rep1,3938,ALA258,0.67780864
rep1,3948,LEU259,0.6956044
rep1,3967,LEU260,0.67146933
rep1,3986,LEU261,0.64286125
rep1,4005,GLY262,0.61964434
rep1,4012,LEU263,0.5335165
rep1,4031,THR264,0.509416
rep1,4045,ILE265,0.52503127
rep1,4064,VAL266,0.50846434
rep1,4080,SER267,0.62052333
rep1,4091,GLY268,0.90647864
rep1,4098,TRP269,0.837312
rep1,4122,TYR270,0.8048322
rep1,4143,TRP271,0.7626749
rep1,4167,CYS272,0.90756094
rep1,4178,SER273,1.0487949
rep1,4189,ASP274,0.97914225
rep1,4201,GLN275,0.60133064
rep1,4218,VAL276,1.1281143
rep1,4234,ILE277,0.8741098
rep1,4253,VAL278,0.80846965
rep1,4269,GLN279,0.8257585
rep1,4286,ARG280,0.6976979
rep1,4310,CYS281,0.7343236
rep1,4321,LEU282,0.8027131
rep1,4340,ALA283,0.6530631
rep1,4350,GLY284,0.91788346
rep1,4357,LYS285,1.810633
rep1,4379,SER286,0.55302525
rep1,4390,LEU287,0.48789245
rep1,4409,THR288,0.52628076
rep1,4423,HIS289,0.55600953
rep1,4440,ILE290,0.48301834
rep1,4459,LYS291,0.45950112
rep1,4481,ALA292,0.49399364
rep1,4491,GLY293,0.4907573
rep1,4498,CYS294,0.49408612
rep1,4509,ILE295,0.51321745
rep1,4528,LEU296,0.48108524
rep1,4547,CYS297,0.47082937
rep1,4558,GLY298,0.49792585
rep1,4565,TYR299,0.5092428
rep1,4586,LEU300,0.4929729
rep1,4605,LYS301,0.47676954
rep1,4627,LEU302,0.5156589
rep1,4646,THR303,0.44518644
rep1,4659,PRO304,0.4560699
rep1,4674,MET305,0.43128562
rep1,4691,PHE306,0.4385155
rep1,4711,LEU307,0.45469522
rep1,4730,MET308,0.47056735
rep1,4747,VAL309,0.44570744
rep1,4763,MET310,0.44405818
rep1,4779,PRO311,0.4496774
rep1,4794,GLY312,0.49536163
rep1,4801,MET313,0.49074972
rep1,4818,ILE314,0.47457153
rep1,4837,SER315,0.48067507
rep1,4848,ARG316,0.5545685
rep1,4872,ILE317,0.59730226
rep1,4891,LEU318,0.64307225
rep1,4910,TYR319,0.6879297
rep1,4930,PRO320,0.7468288
rep1,4945,ASP321,0.8754568
rep1,4957,GLU322,0.87397933
rep1,4972,VAL323,0.7986076
rep1,4988,ALA324,0.78804755
rep1,4998,CYS325,0.86772275
rep1,5008,VAL326,1.0371535
rep1,5024,VAL327,1.1610029
rep1,5039,PRO328,1.2761276
rep1,5054,GLU329,1.5432578
rep1,5069,VAL330,1.2843521
rep1,5085,CYS331,1.0719179
rep1,5095,ARG332,1.3858671
rep1,5119,ARG333,1.448364
rep1,5143,VAL334,1.4425206
rep1,5159,CYS335,1.7289764
rep1,5169,GLY336,2.2843704
rep1,5176,THR337,2.1411846
rep1,5190,GLU338,1.768472
rep1,5205,VAL339,2.0088818
rep1,5221,GLY340,2.2249267
rep1,5228,CYS341,1.3692445
rep1,5238,SER342,0.93783534
rep1,5249,ASN343,0.66838866
rep1,5263,ILE344,0.60733724
rep1,5282,ALA345,0.5410326
rep1,5292,TYR346,0.49084193
rep1,5312,PRO347,0.5874096
rep1,5327,ARG348,0.6506505
rep1,5351,LEU349,0.6483754
rep1,5370,VAL350,0.6241038
rep1,5386,VAL351,0.6594449
rep1,5402,LYS352,0.69204247
rep1,5424,LEU353,0.69742715
rep1,5443,MET354,0.70257014
rep1,5459,PRO355,0.760675
rep1,5474,ASN356,0.74788445
rep1,5488,GLY357,0.76408696
rep1,5495,LEU358,0.63857526
rep1,5514,ARG359,0.5806299
rep1,5538,GLY360,0.56649077
rep1,5545,LEU361,0.4815126
rep1,5564,MET362,0.4529691
rep1,5581,LEU363,0.51029193
rep1,5600,ALA364,0.53589565
rep1,5610,VAL365,0.4987685
rep1,5626,MET366,0.4950461
rep1,5643,LEU367,0.5923073
rep1,5662,ALA368,0.6317407
rep1,5672,ALA369,0.62056094
rep1,5682,LEU370,0.73667455
rep1,5701,MET371,1.1411649
rep1,5718,SER372,1.156013
rep1,5729,SER373,1.018938
rep1,5740,LEU374,1.0196049
rep1,5759,ALA375,0.8568691
rep1,5769,SER376,0.7826979
rep1,5780,ILE377,0.6569273
rep1,5799,PHE378,0.6294305
rep1,5819,ASN379,0.48280093
rep1,5833,SER380,0.45400536
rep1,5844,SER381,0.43391797
rep1,5855,SER382,0.4377346
rep1,5866,THR383,0.4342652
rep1,5880,LEU384,0.45309645
rep1,5899,PHE385,0.46120587
rep1,5919,THR386,0.48332506
rep1,5933,MET387,0.50305045
rep1,5950,ASP388,0.48191547
rep1,5962,ILE389,0.51454616
rep1,5981,TYR390,0.5401067
rep1,6002,THR391,0.65477645
rep1,6016,ARG392,0.7389594
rep1,6040,LEU393,0.88175833
rep1,6059,ARG394,0.9203616
rep1,6082,PRO395,1.0997163
rep1,6097,ARG396,1.2480805
rep1,6121,ALA397,1.0510122
rep1,6131,GLY398,1.3034546
rep1,6138,ASP399,1.3027204
rep1,6150,ARG400,1.2411374
rep1,6174,GLU401,0.90495634
rep1,6189,LEU402,0.77965665
rep1,6208,LEU403,0.85430896
rep1,6227,LEU404,0.88163126
rep1,6246,VAL405,0.7414192
rep1,6262,GLY406,0.6983304
rep1,6269,ARG407,0.76550925
rep1,6293,LEU408,0.7988996
rep1,6312,TRP409,0.63996696
rep1,6336,VAL410,0.74598974
rep1,6352,VAL411,0.891371
rep1,6368,PHE412,0.7682506
rep1,6388,ILE413,0.7561958
rep1,6407,VAL414,0.963611
rep1,6423,VAL415,0.91729635
rep1,6439,VAL416,0.8647954
rep1,6455,SER417,1.0231662
rep1,6466,VAL418,1.1066535
rep1,6482,ALA419,1.0378553
rep1,6492,TRP420,1.1108543
rep1,6516,LEU421,1.1080589
rep1,6534,PRO422,1.2128417
rep1,6549,VAL423,1.1985542
rep1,6565,VAL424,0.94997495
rep1,6581,GLN425,1.1175575
rep1,6598,ALA426,1.3204515
rep1,6608,ALA427,1.231652
rep1,6618,GLN428,1.3123893
rep1,6635,GLY429,1.8047903
rep1,6642,GLY430,1.4767863
rep1,6649,GLN431,1.0124307
rep1,6666,LEU432,0.787788
rep1,6685,PHE433,0.8103249
rep1,6705,ASP434,0.8646268
rep1,6717,TYR435,0.7883621
rep1,6738,ILE436,0.6666445
rep1,6757,GLN437,0.70368683
rep1,6774,ALA438,0.76147264
rep1,6784,VAL439,0.7485444
rep1,6800,SER440,0.6307953
rep1,6811,SER441,0.59319717
rep1,6822,TYR442,0.5524396
rep1,6843,LEU443,0.5765722
rep1,6862,ALA444,0.485314
rep1,6871,PRO445,0.48765785
rep1,6885,PRO446,0.5166681
rep1,6900,VAL447,0.5178126
rep1,6916,SER448,0.55602115
rep1,6927,ALA449,0.52478087
rep1,6937,VAL450,0.49310654
rep1,6953,PHE451,0.56357574
rep1,6973,VAL452,0.581825
rep1,6989,LEU453,0.6073563
rep1,7008,ALA454,0.6218389
rep1,7018,LEU455,0.63665146
rep1,7037,PHE456,0.8719117
rep1,7057,VAL457,0.8556831
rep1,7072,PRO458,0.8009648
rep1,7087,ARG459,0.82337284
rep1,7111,VAL460,0.6846621
rep1,7127,ASN461,0.62899375
rep1,7141,GLU462,0.58864087
rep1,7156,GLN463,0.6085241
rep1,7173,GLY464,0.6635245
rep1,7180,ALA465,0.6515715
rep1,7190,PHE466,0.5896635
rep1,7210,TRP467,0.6761491
rep1,7234,GLY468,0.7531929
rep1,7241,LEU469,0.7065403
rep1,7260,ILE470,0.6635839
rep1,7279,GLY471,0.68684936
rep1,7286,GLY472,0.64716184
rep1,7293,LEU473,0.6224275
rep1,7312,LEU474,0.66481584
rep1,7331,MET475,0.63086367
rep1,7348,GLY476,0.62477946
rep1,7355,LEU477,0.6780123
rep1,7374,ALA478,0.7071918
rep1,7384,ARG479,0.66691506
rep1,7408,LEU480,0.72461605
rep1,7427,ILE481,0.888905
rep1,7445,PRO482,0.93649733
rep1,7460,GLU483,0.8507093
rep1,7475,PHE484,0.9341283
rep1,7495,SER485,1.1509521
rep1,7506,PHE486,1.9240711
rep1,7526,GLY487,2.0870256
rep1,7533,SER488,2.5023484
rep1,7544,GLY489,2.9138536
rep1,7551,SER490,2.2935522
rep1,7562,CYS491,2.3714492
rep1,7572,VAL492,3.7858677
rep1,7588,GLN493,3.5194988
rep1,7604,PRO494,3.385601
rep1,7619,SER495,2.330058
rep1,7630,ALA496,1.8512236
rep1,7640,CYS497,1.4615703
rep1,7649,PRO498,1.4363348
rep1,7664,ALA499,1.4361714
rep1,7674,PHE500,1.6696268
rep1,7694,LEU501,1.124016
rep1,7713,CYS502,0.989725
rep1,7723,GLY503,1.3230239
rep1,7730,VAL504,0.96109295
rep1,7746,HIS505,0.77022123
rep1,7763,TYR506,0.6439528
rep1,7784,LEU507,0.5974984
rep1,7803,TYR508,0.612875
rep1,7824,PHE509,0.5985238
rep1,7844,ALA510,0.5329291
rep1,7854,ILE511,0.56466395
rep1,7873,VAL512,0.68471223
rep1,7889,LEU513,0.5920029
rep1,7908,PHE514,0.5085026
rep1,7928,PHE515,0.6043246
rep1,7948,CYS516,0.627782
rep1,7959,SER517,0.5467735
rep1,7970,GLY518,0.59654677
rep1,7977,LEU519,0.6584189
rep1,7996,LEU520,0.63006794
rep1,8015,THR521,0.59463406
rep1,8029,LEU522,0.7215437
rep1,8048,THR523,0.77005005
rep1,8062,VAL524,0.7226009
rep1,8078,SER525,0.7399101
rep1,8089,LEU526,0.8872138
rep1,8108,CYS527,0.8954496
rep1,8119,THR528,0.869766
rep1,8133,ALA529,1.0959814
rep1,8142,PRO530,0.98505193
rep1,8157,ILE531,0.8881402
rep1,8175,PRO532,0.860084
rep1,8190,ARG533,0.85037994
rep1,8214,LYS534,0.8687001
rep1,8236,HIS535,0.7334119
rep1,8253,LEU536,0.7258085
rep1,8272,HIS537,0.9322525
rep1,8289,ARG538,0.84157646
rep1,8313,LEU539,0.7314331
rep1,8332,VAL540,0.7145631
rep1,8348,PHE541,0.72484136
rep1,8368,SER542,0.9389699
rep1,8379,LEU543,0.9692739
rep1,8398,ARG544,1.0801255
rep1,8422,HIS545,1.6036016
rep1,8439,SER546,1.636808
rep1,8450,LYS547,1.9798189
rep1,8472,GLU548,1.4655447
rep1,8487,GLU549,1.5879738
rep1,8502,ARG550,1.5759689
rep1,8526,GLU551,1.7001379
rep1,8541,ASP552,1.8762901
rep1,8553,LEU553,1.6577251
rep1,8572,ASP554,1.0908393
rep1,8584,GLU555,0.9480215
rep1,8599,ASP556,1.1781445
rep1,8611,ILE557,0.9450511
rep1,8630,SER558,0.8263056
rep1,8641,GLU559,0.71200347
rep1,8656,ASP560,0.8709742
rep1,8667,PRO561,1.0977926
rep1,8682,SER562,1.1521076
rep1,8693,TRP563,0.71165335
rep1,8717,ALA564,0.7561925
rep1,8727,ARG565,0.80497456
rep1,8751,VAL566,0.7285056
rep1,8767,VAL567,0.5919825
rep1,8783,ASN568,0.6018175
rep1,8797,LEU569,0.67211807
rep1,8816,ASN570,0.6108855
rep1,8830,ALA571,0.58790296
rep1,8840,LEU572,0.649657
rep1,8859,LEU573,0.650576
rep1,8878,MET574,0.6270733
rep1,8895,MET575,0.67690074
rep1,8912,ALA576,0.6814823
rep1,8922,VAL577,0.6737691
rep1,8938,ALA578,0.69565153
rep1,8948,VAL579,0.6673057
rep1,8964,PHE580,0.64969456
rep1,8984,LEU581,0.61017627
rep1,9003,TRP582,0.5691323
rep1,9027,GLY583,0.64690584
rep1,9034,PHE584,0.66836464
rep1,9054,TYR585,0.6751008
rep1,9075,ALA586,0.8114389
rep2,4,ASP1,19.610014
rep2,16,ASN2,8.232407
rep2,29,PRO3,1.528353
rep2,44,ALA4,1.4813684
rep2,54,ASP5,1.2710856
rep2,66,ILE6,1.1241723
rep2,85,LEU7,1.0139892
rep2,104,VAL8,0.90448225
rep2,120,ILE9,0.7701998
rep2,139,ALA10,0.8440704
rep2,149,ALA11,0.89010036
rep2,159,TYR12,0.7736381
rep2,180,PHE13,0.7544602
rep2,200,LEU14,0.9006667
rep2,219,LEU15,0.806806
rep2,238,VAL16,0.7543593
rep2,254,ILE17,0.97565687
rep2,273,GLY18,0.98122907
rep2,280,VAL19,0.7103926
rep2,296,GLY20,0.95315033
rep2,303,LEU21,1.1154215
rep2,322,TRP22,0.90329975
rep2,346,SER23,0.8766646
rep2,357,MET24,1.1341518
rep2,374,CYS25,1.0925081
rep2,385,ARG26,1.1508229
rep2,409,THR27,1.5809016
rep2,423,ASN28,2.1387224
rep2,437,ARG29,1.6331344
rep2,461,GLY30,1.5898921
rep2,468,THR31,1.2752277
rep2,482,VAL32,1.1423539
rep2,498,GLY33,1.5594198
rep2,505,GLY34,1.7398392
rep2,512,TYR35,1.2161
rep2,533,PHE36,0.7003467
rep2,553,LEU37,0.57144296
rep2,572,ALA38,0.6089323
rep2,582,GLY39,0.7338948
rep2,589,ARG40,0.57043266
rep2,613,SER41,0.6974808
rep2,624,MET42,0.55034035
rep2,641,VAL43,0.652369
rep2,657,TRP44,0.54235417
rep2,681,TRP45,0.490826
rep2,704,PRO46,0.4815989
rep2,719,VAL47,0.4410016
rep2,735,GLY48,0.46379918
rep2,742,ALA49,0.44584528
rep2,752,SER50,0.4212309
rep2,763,LEU51,0.45382327
rep2,782,PHE52,0.48784807
rep2,802,ALA53,0.598081
rep2,812,SER54,0.5634133
rep2,823,ASN55,0.6963313
rep2,837,ILE56,0.67014885
rep2,856,GLY57,0.5625513
rep2,863,SER58,0.58563524
rep2,874,GLY59,0.6251728
rep2,881,HIS60,0.59278464
rep2,898,PHE61,0.5070854
rep2,918,VAL62,0.4761785
rep2,934,GLY63,0.6209062
rep2,941,LEU64,0.5257069
rep2,960,ALA65,0.4480542
rep2,970,GLY66,0.50574744
rep2,977,THR67,0.64970434
rep2,991,GLY68,0.6702992
rep2,998,ALA69,0.58350044
rep2,1008,ALA70,0.72621435
rep2,1018,SER71,0.787887
rep2,1029,GLY72,0.7077689
rep2,1036,LEU73,0.6007648
rep2,1055,ALA74,0.53710765
rep2,1065,VAL75,0.5114535
rep2,1081,ALA76,0.5244763
rep2,1091,GLY77,0.5370695
rep2,1098,PHE78,0.51338935
rep2,1118,GLU79,0.44234383
rep2,1133,TRP80,0.44298214
rep2,1157,ASN81,0.4049355
rep2,1171,ALA82,0.44959185
rep2,1181,LEU83,0.48504424
rep2,1200,PHE84,0.49915445
rep2,1220,VAL85,0.4759885
rep2,1236,VAL86,0.4618831
rep2,1252,LEU87,0.52144754
rep2,1271,LEU88,0.5389069
rep2,1290,LEU89,0.44241095
rep2,1309,GLY90,0.4542691
rep2,1316,TRP91,0.467377
rep2,1340,LEU92,0.5562859
rep2,1359,PHE93,0.47523767
rep2,1379,ALA94,0.49664232
rep2,1388,PRO95,0.51810116
rep2,1403,VAL96,0.48706737
rep2,1419,TYR97,0.42892322
rep2,1440,LEU98,0.53356373
rep2,1459,THR99,0.62522376
rep2,1473,ALA100,0.60787743
rep2,1483,GLY101,0.66041124
rep2,1490,VAL102,0.54483855
rep2,1506,ILE103,0.7317673
rep2,1525,THR104,0.82422674
rep2,1539,MET105,0.8810469
rep2,1555,PRO106,0.5510179
rep2,1570,GLN107,0.51962435
rep2,1587,TYR108,0.5403813
rep2,1608,LEU109,0.5559064
rep2,1627,ARG110,0.5336958
rep2,1651,LYS111,0.5371198
rep2,1673,ARG112,0.5218869
rep2,1697,PHE113,0.595806
rep2,1717,GLY114,0.87919897
rep2,1724,GLY115,1.1372695
rep2,1731,ARG116,0.82115996
rep2,1755,ARG117,0.7366271
rep2,1779,ILE118,0.5908319
rep2,1798,ARG119,0.5890716
rep2,1822,LEU120,0.57739735
rep2,1841,TYR121,0.5910062
rep2,1862,LEU122,0.512494
rep2,1881,SER123,0.485489
rep2,1892,VAL124,0.5603478
rep2,1908,LEU125,0.5605109
rep2,1927,SER126,0.5058412
rep2,1938,LEU127,0.5306437
rep2,1957,PHE128,0.5703067
rep2,1977,LEU129,0.5189054
rep2,1996,TYR130,0.43519562
rep2,2017,ILE131,0.5010599
rep2,2036,PHE132,0.6335174
rep2,2056,THR133,0.54073966
rep2,2070,LYS134,0.47409204
rep2,2092,ILE135,0.4431988
rep2,2111,SER136,0.5077892
rep2,2122,VAL137,0.4992116
rep2,2138,ASP138,0.5204567
rep2,2150,MET139,0.63305616
rep2,2167,PHE140,0.54583627
rep2,2187,SER141,0.6242446
rep2,2198,GLY142,0.6758263
rep2,2205,ALA143,0.56410587
rep2,2215,VAL144,0.48698676
rep2,2231,PHE145,0.53672236
rep2,2251,ILE146,0.7229022
rep2,2270,GLN147,0.72414243
rep2,2287,GLN148,0.66818964
rep2,2304,ALA149,0.86649984
rep2,2314,LEU150,0.8540137
rep2,2333,GLY151,0.9998511
rep2,2340,TRP152,1.1568464
rep2,2364,ASN153,1.2349247
rep2,2378,ILE154,0.8977789
rep2,2397,TYR155,1.2331122
rep2,2418,ALA156,1.2472395
rep2,2428,SER157,1.0690532
rep2,2439,VAL158,0.86615705
rep2,2455,ILE159,0.6724072
rep2,2474,ALA160,0.7463115
rep2,2484,LEU161,0.74611306
rep2,2503,LEU162,0.6106251
rep2,2522,GLY163,0.65183365
rep2,2529,ILE164,0.6242477
rep2,2548,THR165,0.5445352
rep2,2562,MET166,0.6090664
rep2,2579,ILE167,0.7989116
rep2,2598,TYR168,0.7690537
rep2,2619,THR169,0.5712914
rep2,2633,VAL170,0.8244592
rep2,2649,THR171,0.86916244
rep2,2663,GLY172,1.2523329
rep2,2670,GLY173,0.83384365
rep2,2677,LEU174,0.53280467
rep2,2696,ALA175,0.5797046
rep2,2706,ALA176,0.5531555
rep2,2716,LEU177,0.47957015
rep2,2735,MET178,0.44058543
rep2,2752,TYR179,0.5827684
rep2,2773,THR180,0.7150749
rep2,2787,ASP181,0.5671886
rep2,2799,THR182,0.59643537
rep2,2813,VAL183,0.58816814
rep2,2829,GLN184,0.54125524
rep2,2846,THR185,0.5142521
rep2,2860,PHE186,0.513045
rep2,2880,VAL187,0.45948195
rep2,2896,ILE188,0.4465195
rep2,2915,LEU189,0.54093415
rep2,2934,GLY190,0.5630645
rep2,2941,GLY191,0.4924223
rep2,2948,ALA192,0.4522673
rep2,2958,CYS193,0.46947038
rep2,2969,ILE194,0.5049402
rep2,2988,LEU195,0.4910895
rep2,3007,MET196,0.48943633
rep2,3024,GLY197,0.57688653
rep2,3031,TYR198,0.5804907
rep2,3052,ALA199,0.5259618
rep2,3062,PHE200,0.54574275
rep2,3082,HIS201,0.6165021
rep2,3099,GLU202,0.6752977
rep2,3114,VAL203,0.7211714
rep2,3130,GLY204,0.8462933
rep2,3137,GLY205,0.7157615
rep2,3144,TYR206,0.6976757
rep2,3165,SER207,0.8497937
rep2,3176,GLY208,0.86086774
rep2,3183,LEU209,0.6657852
rep2,3202,PHE210,0.71767867
rep2,3222,ASP211,0.80324864
rep2,3234,LYS212,0.7185681
rep2,3256,TYR213,0.6480456
rep2,3277,LEU214,0.8156461
rep2,3296,GLY215,0.9294247
rep2,3303,ALA216,0.81527245
rep2,3313,ALA217,1.0244813
rep2,3323,THR218,1.0112491
rep2,3337,SER219,1.0958722
rep2,3348,LEU220,1.4540744
rep2,3367,THR221,2.1206653
rep2,3381,VAL222,2.8564324
rep2,3397,SER223,2.2592998
rep2,3408,GLU224,3.3457127
rep2,3423,ASP225,2.6691236
rep2,3434,PRO226,2.977762
rep2,3449,ALA227,3.5336783
rep2,3459,VAL228,2.98628
rep2,3475,GLY229,2.5007746
rep2,3482,ASN230,2.5077152
rep2,3496,ILE231,2.0292351
rep2,3515,SER232,1.9851515
rep2,3526,SER233,1.9929284
rep2,3537,PHE234,1.8534517
rep2,3557,CYS235,1.6328213
rep2,3567,TYR236,1.4534034
rep2,3588,ARG237,1.1281238
rep2,3611,PRO238,1.1034734
rep2,3626,ARG239,1.309278
rep2,3649,PRO240,1.3571669
rep2,3664,ASP241,0.9392914
rep2,3676,SER242,0.71074986
rep2,3687,TYR243,0.631736
rep2,3708,HIS244,0.63491213
rep2,3725,LEU245,0.68954164
rep2,3744,LEU246,0.78626776
rep2,3763,ARG247,0.76585835
rep2,3787,HIS248,1.0328909
rep2,3803,PRO249,1.1823955
rep2,3818,VAL250,1.7902906
rep2,3834,THR251,1.7037399
rep2,3848,GLY252,2.0340302
rep2,3855,ASP253,1.490912
rep2,3867,LEU254,0.9121472
rep2,3885,PRO255,0.76522475
rep2,3900,TRP256,0.68827903
rep2,3923,PRO257,0.7741176
rep2,3938,ALA258,0.7703078
rep2,3948,LEU259,0.70539236
rep2,3967,LEU260,0.7173835
rep2,3986,LEU261,0.6111976
rep2,4005,GLY262,0.5532321
rep2,4012,LEU263,0.5455917
rep2,4031,THR264,0.5101287
rep2,4045,ILE265,0.47141808
rep2,4064,VAL266,0.5166136
rep2,4080,SER267,0.6522833
rep2,4091,GLY268,0.744369
rep2,4098,TRP269,0.66506416
rep2,4122,TYR270,0.64069444
rep2,4143,TRP271,0.5844783
rep2,4167,CYS272,0.63721323
rep2,4178,SER273,0.5365745
rep2,4189,ASP274,0.43346262
rep2,4201,GLN275,0.426805
rep2,4218,VAL276,0.4534723
rep2,4234,ILE277,0.49257907
rep2,4253,VAL278,0.4761744
rep2,4269,GLN279,0.48325208
rep2,4286,ARG280,0.5162819
rep2,4310,CYS281,0.48197016
rep2,4321,LEU282,0.50630575
rep2,4340,ALA283,0.47987825
rep2,4350,GLY284,0.5186649
rep2,4357,LYS285,0.6171428
rep2,4379,SER286,0.5465048
rep2,4390,LEU287,0.4681213
rep2,4409,THR288,0.5198225
rep2,4423,HIS289,0.53305244
rep2,4440,ILE290,0.45027718
rep2,4459,LYS291,0.42322683
rep2,4481,ALA292,0.46625447
rep2,4491,GLY293,0.44658396
rep2,4498,CYS294,0.41476214
rep2,4509,ILE295,0.43669137
rep2,4528,LEU296,0.42330694
rep2,4547,CYS297,0.39806587
rep2,4558,GLY298,0.45538485
rep2,4565,TYR299,0.5009427
rep2,4586,LEU300,0.4559717
rep2,4605,LYS301,0.41705006
rep2,4627,LEU302,0.48786068
rep2,4646,THR303,0.47726917
rep2,4659,PRO304,0.45564815
rep2,4674,MET305,0.4341294
rep2,4691,PHE306,0.44154164
rep2,4711,LEU307,0.44197094
rep2,4730,MET308,0.42887402
rep2,4747,VAL309,0.42363253
rep2,4763,MET310,0.4291501
rep2,4779,PRO311,0.46640855
rep2,4794,GLY312,0.5089922
rep2,4801,MET313,0.5001461
rep2,4818,ILE314,0.47781837
rep2,4837,SER315,0.5174695
rep2,4848,ARG316,0.53288907
rep2,4872,ILE317,0.59922224
rep2,4891,LEU318,0.7451356
rep2,4910,TYR319,0.771273
rep2,4930,PRO320,0.7930422
rep2,4945,ASP321,0.88516414
rep2,4957,GLU322,1.0821091
rep2,4972,VAL323,0.90253
rep2,4988,ALA324,1.1729251
rep2,4998,CYS325,1.2282197
rep2,5008,VAL326,1.8552878
rep2,5024,VAL327,1.7323567
rep2,5039,PRO328,1.219939
rep2,5054,GLU329,1.4789582
rep2,5069,VAL330,1.4909682
rep2,5085,CYS331,0.9022644
rep2,5095,ARG332,1.365291
rep2,5119,ARG333,1.7932901
rep2,5143,VAL334,1.5167515
rep2,5159,CYS335,1.3764238
rep2,5169,GLY336,1.7232829
rep2,5176,THR337,1.4420078
rep2,5190,GLU338,1.4113687
rep2,5205,VAL339,1.5998409
rep2,5221,GLY340,1.3819109
rep2,5228,CYS341,0.9635311
rep2,5238,SER342,0.7276413
rep2,5249,ASN343,0.6283918
rep2,5263,ILE344,0.5446856
rep2,5282,ALA345,0.5516804
rep2,5292,TYR346,0.49942625
rep2,5312,PRO347,0.52895904
rep2,5327,ARG348,0.57622147
rep2,5351,LEU349,0.6647595
rep2,5370,VAL350,0.6098729
rep2,5386,VAL351,0.6029254
rep2,5402,LYS352,0.7153588
rep2,5424,LEU353,0.74079037
rep2,5443,MET354,0.69818443
rep2,5459,PRO355,0.84495926
rep2,5474,ASN356,0.90934455
rep2,5488,GLY357,0.8201307
rep2,5495,LEU358,0.6429016
rep2,5514,ARG359,0.6385118
rep2,5538,GLY360,0.6308747
rep2,5545,LEU361,0.5196773
rep2,5564,MET362,0.4535194
rep2,5581,LEU363,0.48563892
rep2,5600,ALA364,0.489021
rep2,5610,VAL365,0.42387998
rep2,5626,MET366,0.43869692
rep2,5643,LEU367,0.4683972
rep2,5662,ALA368,0.45720464
rep2,5672,ALA369,0.46515012
rep2,5682,LEU370,0.44784224
rep2,5701,MET371,0.5099168
rep2,5718,SER372,0.5908988
rep2,5729,SER373,0.4744308
rep2,5740,LEU374,0.39175045
rep2,5759,ALA375,0.3752509
rep2,5769,SER376,0.41198835
rep2,5780,ILE377,0.43607736
rep2,5799,PHE378,0.42278504
rep2,5819,ASN379,0.43036735
rep2,5833,SER380,0.46299803
rep2,5844,SER381,0.4488399
rep2,5855,SER382,0.45930463
rep2,5866,THR383,0.44891697
rep2,5880,LEU384,0.45299363
rep2,5899,PHE385,0.46552742
rep2,5919,THR386,0.4624668
rep2,5933,MET387,0.5713434
rep2,5950,ASP388,0.62331796
rep2,5962,ILE389,0.55665505
rep2,5981,TYR390,0.61397594
rep2,6002,THR391,0.80045396
rep2,6016,ARG392,1.1653277
rep2,6040,LEU393,1.3474107
rep2,6059,ARG394,1.205836
rep2,6082,PRO395,1.4392717
rep2,6097,ARG396,1.5240902
rep2,6121,ALA397,1.1187301
rep2,6131,GLY398,1.189367
rep2,6138,ASP399,1.0858853
rep2,6150,ARG400,1.0004547
rep2,6174,GLU401,0.756486
rep2,6189,LEU402,0.6708881
rep2,6208,LEU403,0.7505577
rep2,6227,LEU404,0.7383067
rep2,6246,VAL405,0.64530337
rep2,6262,GLY406,0.7300242
rep2,6269,ARG407,0.8815576
rep2,6293,LEU408,0.85395247
rep2,6312,TRP409,0.60987043
rep2,6336,VAL410,0.61036104
rep2,6352,VAL411,0.6843332
rep2,6368,PHE412,0.6484599
rep2,6388,ILE413,0.5912245
rep2,6407,VAL414,0.64246184
rep2,6423,VAL415,0.7352341
rep2,6439,VAL416,0.71347547
rep2,6455,SER417,0.6705236
rep2,6466,VAL418,0.74180317
rep2,6482,ALA419,0.8157469
rep2,6492,TRP420,0.7712867
rep2,6516,LEU421,0.74694246
rep2,6534,PRO422,0.9029393
rep2,6549,VAL423,0.88015074
rep2,6565,VAL424,0.73738784
rep2,6581,GLN425,0.9172934
rep2,6598,ALA426,1.0360438
rep2,6608,ALA427,0.93018836
rep2,6618,GLN428,1.0716891
rep2,6635,GLY429,1.0781878
rep2,6642,GLY430,1.2966429
rep2,6649,GLN431,0.9173465
rep2,6666,LEU432,0.79179674
rep2,6685,PHE433,0.72573566
rep2,6705,ASP434,0.9453027
rep2,6717,TYR435,0.9589921
rep2,6738,ILE436,0.7141061
rep2,6757,GLN437,0.74599296
rep2,6774,ALA438,0.9927945
rep2,6784,VAL439,0.8911687
rep2,6800,SER440,0.6915182
rep2,6811,SER441,0.6870902
rep2,6822,TYR442,0.62180084
rep2,6843,LEU443,0.5578893
rep2,6862,ALA444,0.5838611
rep2,6871,PRO445,0.55759615
rep2,6885,PRO446,0.57184726
rep2,6900,VAL447,0.5648161
rep2,6916,SER448,0.5431595
rep2,6927,ALA449,0.56226677
rep2,6937,VAL450,0.5841155
rep2,6953,PHE451,0.62612295
rep2,6973,VAL452,0.6081539
rep2,6989,LEU453,0.60417676
rep2,7008,ALA454,0.6206742
rep2,7018,LEU455,0.6218052
rep2,7037,PHE456,0.6987159
rep2,7057,VAL457,0.66799796
rep2,7072,PRO458,0.732413
rep2,7087,ARG459,0.7363949
rep2,7111,VAL460,0.5939143
rep2,7127,ASN461,0.5974217
rep2,7141,GLU462,0.570461
rep2,7156,GLN463,0.68856806
rep2,7173,GLY464,0.65897137
rep2,7180,ALA465,0.5742558
rep2,7190,PHE466,0.6281822
rep2,7210,TRP467,0.68802583
rep2,7234,GLY468,0.6821236
rep2,7241,LEU469,0.6579066
rep2,7260,ILE470,0.7439253
rep2,7279,GLY471,0.69578075
rep2,7286,GLY472,0.6553259
rep2,7293,LEU473,0.6656178
rep2,7312,LEU474,0.7094399
rep2,7331,MET475,0.65182567
rep2,7348,GLY476,0.700604
rep2,7355,LEU477,0.7337349
rep2,7374,ALA478,0.72087055
rep2,7384,ARG479,0.7219931
rep2,7408,LEU480,0.79790926
rep2,7427,ILE481,0.8803343
rep2,7445,PRO482,1.0390396
rep2,7460,GLU483,1.1962907
rep2,7475,PHE484,1.3037777
rep2,7495,SER485,1.156641
rep2,7506,PHE486,1.6387522
rep2,7526,GLY487,2.2295716
rep2,7533,SER488,2.4530082
rep2,7544,GLY489,2.8814793
rep2,7551,SER490,2.4552326
rep2,7562,CYS491,1.8489113
rep2,7572,VAL492,2.320558
rep2,7588,GLN493,2.7116563
rep2,7604,PRO494,2.6822038
rep2,7619,SER495,2.4534967
rep2,7630,ALA496,2.2272255
rep2,7640,CYS497,2.039732
rep2,7649,PRO498,2.1397614
rep2,7664,ALA499,1.7556022
rep2,7674,PHE500,1.9086003
rep2,7694,LEU501,2.217463
rep2,7713,CYS502,1.896987
rep2,7723,GLY503,1.4559934
rep2,7730,VAL504,0.86280876
rep2,7746,HIS505,0.76531476
rep2,7763,TYR506,0.6768191
rep2,7784,LEU507,0.6233406
rep2,7803,TYR508,0.59359735
rep2,7824,PHE509,0.56098247
rep2,7844,ALA510,0.52129966
rep2,7854,ILE511,0.5145936
rep2,7873,VAL512,0.6014775
rep2,7889,LEU513,0.52348405
rep2,7908,PHE514,0.47838008
rep2,7928,PHE515,0.5686664
rep2,7948,CYS516,0.60560346
rep2,7959,SER517,0.53338337
rep2,7970,GLY518,0.56346244
rep2,7977,LEU519,0.63753116
rep2,7996,LEU520,0.6080257
rep2,8015,THR521,0.55671406
rep2,8029,LEU522,0.6209169
rep2,8048,THR523,0.69559747
rep2,8062,VAL524,0.6516307
rep2,8078,SER525,0.6293434
rep2,8089,LEU526,0.81427807
rep2,8108,CYS527,0.88013226
rep2,8119,THR528,0.7874663
rep2,8133,ALA529,0.8626562
rep2,8142,PRO530,0.7960964
rep2,8157,ILE531,0.7350016
rep2,8175,PRO532,0.83527154
rep2,8190,ARG533,0.843268
rep2,8214,LYS534,0.8201854
rep2,8236,HIS535,0.6958735
rep2,8253,LEU536,0.72640765
rep2,8272,HIS537,0.7746526
rep2,8289,ARG538,0.7984786
rep2,8313,LEU539,0.7084585
rep2,8332,VAL540,0.7574182
rep2,8348,PHE541,0.8529758
rep2,8368,SER542,1.0194952
rep2,8379,LEU543,0.8771143
rep2,8398,ARG544,1.0151528
rep2,8422,HIS545,1.1958497
rep2,8439,SER546,0.98059
rep2,8450,LYS547,1.0924124
rep2,8472,GLU548,1.1167551
rep2,8487,GLU549,1.2197343
rep2,8502,ARG550,1.1480509
rep2,8526,GLU551,1.4196105
rep2,8541,ASP552,1.4195453
rep2,8553,LEU553,1.6490371
rep2,8572,ASP554,1.4776801
rep2,8584,GLU555,0.9366301
rep2,8599,ASP556,0.9509658
rep2,8611,ILE557,1.3092614
rep2,8630,SER558,1.5158368
rep2,8641,GLU559,1.0733359
rep2,8656,ASP560,1.201947
rep2,8667,PRO561,1.3458533
rep2,8682,SER562,1.1019285
rep2,8693,TRP563,0.8266684
rep2,8717,ALA564,0.9847517
rep2,8727,ARG565,1.0425845
rep2,8751,VAL566,0.8506088
rep2,8767,VAL567,0.6350632
rep2,8783,ASN568,0.6591824
rep2,8797,LEU569,0.7549017
rep2,8816,ASN570,0.6986085
rep2,8830,ALA571,0.60844374
rep2,8840,LEU572,0.75150996
rep2,8859,LEU573,0.84016883
rep2,8878,MET574,0.7633144
rep2,8895,MET575,0.76885873
rep2,8912,ALA576,0.89795935
rep2,8922,VAL577,0.8646747
rep2,8938,ALA578,0.71507424
rep2,8948,VAL579,0.75257754
rep2,8964,PHE580,0.77720535
rep2,8984,LEU581,0.6890948
rep2,9003,TRP582,0.6330868
rep2,9027,GLY583,0.7447467
rep2,9034,PHE584,0.7243763
rep2,9054,TYR585,0.6375693
rep2,9075,ALA586,0.6938474
rep3,4,ASP1,19.904448
rep3,16,ASN2,13.890354
rep3,29,PRO3,1.4204835
rep3,44,ALA4,0.86063576
rep3,54,ASP5,0.7940961
rep3,66,ILE6,0.97699225
rep3,85,LEU7,0.9536966
rep3,104,VAL8,0.72055495
rep3,120,ILE9,0.72481203
rep3,139,ALA10,0.86588657
rep3,149,ALA11,0.8272799
rep3,159,TYR12,0.684649
rep3,180,PHE13,0.7683035
rep3,200,LEU14,0.886804
rep3,219,LEU15,0.8011689
rep3,238,VAL16,0.6924873
rep3,254,ILE17,0.76833034
rep3,273,GLY18,0.82962006
rep3,280,VAL19,0.76677036
rep3,296,GLY20,0.8140784
rep3,303,LEU21,0.8978231
rep3,322,TRP22,0.8913201
rep3,346,SER23,1.0426013
rep3,357,MET24,1.1608018
rep3,374,CYS25,1.2929572
rep3,385,ARG26,1.465237
rep3,409,THR27,1.5833123
rep3,423,ASN28,1.7955918
rep3,437,ARG29,1.3712741
rep3,461,GLY30,1.8817077
rep3,468,THR31,1.1713649
rep3,482,VAL32,0.98507166
rep3,498,GLY33,1.2066606
rep3,505,GLY34,1.0280544
rep3,512,TYR35,0.62800175
rep3,533,PHE36,0.59219545
rep3,553,LEU37,0.67959553
rep3,572,ALA38,0.6788702
rep3,582,GLY39,0.7505479
rep3,589,ARG40,0.65388745
rep3,613,SER41,0.7231295
rep3,624,MET42,0.61164486
rep3,641,VAL43,0.6820312
rep3,657,TRP44,0.6113416
rep3,681,TRP45,0.56936514
rep3,704,PRO46,0.5490582
rep3,719,VAL47,0.53504175
rep3,735,GLY48,0.56043196
rep3,742,ALA49,0.49695796
rep3,752,SER50,0.56911576
rep3,763,LEU51,0.58217293
rep3,782,PHE52,0.57343876
rep3,802,ALA53,0.6937075
rep3,812,SER54,0.72495365
rep3,823,ASN55,0.68893313
rep3,837,ILE56,0.694047
rep3,856,GLY57,0.58466256
rep3,863,SER58,0.53623134
rep3,874,GLY59,0.49748364
rep3,881,HIS60,0.52495545
rep3,898,PHE61,0.5890005
rep3,918,VAL62,0.5445654
rep3,934,GLY63,0.62078017
rep3,941,LEU64,0.60258174
rep3,960,ALA65,0.6420762
rep3,970,GLY66,0.5987794
rep3,977,THR67,0.6166429
rep3,991,GLY68,0.6785555
rep3,998,ALA69,0.63046443
rep3,1008,ALA70,0.7267972
rep3,1018,SER71,0.8845287
rep3,1029,GLY72,0.7836509
rep3,1036,LEU73,0.64669997
rep3,1055,ALA74,0.66571414
rep3,1065,VAL75,0.7242515
rep3,1081,ALA76,0.7764152
rep3,1091,GLY77,0.77860767
rep3,1098,PHE78,0.77339983
rep3,1118,GLU79,0.8249313
rep3,1133,TRP80,0.81539744
rep3,1157,ASN81,0.65609276
rep3,1171,ALA82,0.6476059
rep3,1181,LEU83,0.7042743
rep3,1200,PHE84,0.7748003
rep3,1220,VAL85,0.6810311
rep3,1236,VAL86,0.60130703
rep3,1252,LEU87,0.69448924
rep3,1271,LEU88,0.6608567
rep3,1290,LEU89,0.54741955
rep3,1309,GLY90,0.55352503
rep3,1316,TRP91,0.5194993
rep3,1340,LEU92,0.5263449
rep3,1359,PHE93,0.49669442
rep3,1379,ALA94,0.5291355
rep3,1388,PRO95,0.5423217
rep3,1403,VAL96,0.48881367
rep3,1419,TYR97,0.5112197
rep3,1440,LEU98,0.5536639
rep3,1459,THR99,0.61952716
rep3,1473,ALA100,0.64226395
rep3,1483,GLY101,0.7457924
rep3,1490,VAL102,0.7054958
rep3,1506,ILE103,0.7035954
rep3,1525,THR104,0.46756238
rep3,1539,MET105,0.4493728
rep3,1555,PRO106,0.42807168
rep3,1570,GLN107,0.43945873
rep3,1587,TYR108,0.4496947
rep3,1608,LEU109,0.4536331
rep3,1627,ARG110,0.45332652
rep3,1651,LYS111,0.5067353
rep3,1673,ARG112,0.48574936
rep3,1697,PHE113,0.5509503
rep3,1717,GLY114,0.62993556
rep3,1724,GLY115,0.71872175
rep3,1731,ARG116,0.62518543
rep3,1755,ARG117,0.52987486
rep3,1779,ILE118,0.49890465
rep3,1798,ARG119,0.46742943
rep3,1822,LEU120,0.49357057
rep3,1841,TYR121,0.540726
rep3,1862,LEU122,0.4998114
rep3,1881,SER123,0.4414038
rep3,1892,VAL124,0.4931788
rep3,1908,LEU125,0.5304377
rep3,1927,SER126,0.51926845
rep3,1938,LEU127,0.48582542
rep3,1957,PHE128,0.5646373
rep3,1977,LEU129,0.60326564
rep3,1996,TYR130,0.53988045
rep3,2017,ILE131,0.5915057
rep3,2036,PHE132,0.7407612
rep3,2056,THR133,0.7155787
rep3,2070,LYS134,0.52512556
rep3,2092,ILE135,0.45621794
rep3,2111,SER136,0.5291883
rep3,2122,VAL137,0.544375
rep3,2138,ASP138,0.4873161
rep3,2150,MET139,0.539631
rep3,2167,PHE140,0.51240534
rep3,2187,SER141,0.45266065
rep3,2198,GLY142,0.49946204
rep3,2205,ALA143,0.5766064
rep3,2215,VAL144,0.53545123
rep3,2231,PHE145,0.6371609
rep3,2251,ILE146,0.7588061
rep3,2270,GLN147,0.71305645
rep3,2287,GLN148,0.6703014
rep3,2304,ALA149,1.03907
rep3,2314,LEU150,1.2820318
rep3,2333,GLY151,1.3188908
rep3,2340,TRP152,1.8934762
rep3,2364,ASN153,1.4067693
rep3,2378,ILE154,1.062948
rep3,2397,TYR155,1.2559695
rep3,2418,ALA156,1.0889844
rep3,2428,SER157,0.9473573
rep3,2439,VAL158,0.87016463
rep3,2455,ILE159,0.71897775
rep3,2474,ALA160,0.71800447
rep3,2484,LEU161,0.7491711
rep3,2503,LEU162,0.6130457
rep3,2522,GLY163,0.62445056
rep3,2529,ILE164,0.67336714
rep3,2548,THR165,0.5607987
rep3,2562,MET166,0.53188664
rep3,2579,ILE167,0.6198724
rep3,2598,TYR168,0.6442741
rep3,2619,THR169,0.56663203
rep3,2633,VAL170,0.5962213
rep3,2649,THR171,0.66335046
rep3,2663,GLY172,0.8047756
rep3,2670,GLY173,0.8382864
rep3,2677,LEU174,0.5249448
rep3,2696,ALA175,0.69341385
rep3,2706,ALA176,0.63211906
rep3,2716,LEU177,0.5140471
rep3,2735,MET178,0.51794857
rep3,2752,TYR179,0.5546927
rep3,2773,THR180,0.5052354
rep3,2787,ASP181,0.6216683
rep3,2799,THR182,0.6221957
rep3,2813,VAL183,0.53738075
rep3,2829,GLN184,0.525211
rep3,2846,THR185,0.49259073
rep3,2860,PHE186,0.519625
rep3,2880,VAL187,0.51451063
rep3,2896,ILE188,0.4853749
rep3,2915,LEU189,0.5605577
rep3,2934,GLY190,0.6129577
rep3,2941,GLY191,0.5314971
rep3,2948,ALA192,0.50603324
rep3,2958,CYS193,0.55959386
rep3,2969,ILE194,0.5594121
rep3,2988,LEU195,0.5105918
rep3,3007,MET196,0.53285503
rep3,3024,GLY197,0.6222747
rep3,3031,TYR198,0.5763705
rep3,3052,ALA199,0.5354179
rep3,3062,PHE200,0.6168211
rep3,3082,HIS201,0.7000658
rep3,3099,GLU202,0.64956987
rep3,3114,VAL203,0.6671286
rep3,3130,GLY204,0.81094337
rep3,3137,GLY205,0.7912386
rep3,3144,TYR206,0.74254566
rep3,3165,SER207,0.8535511
rep3,3176,GLY208,0.84367025
rep3,3183,LEU209,0.70916384
rep3,3202,PHE210,0.7749721
rep3,3222,ASP211,0.8504757
rep3,3234,LYS212,0.7427127
rep3,3256,TYR213,0.6652102
rep3,3277,LEU214,0.8330124
rep3,3296,GLY215,1.059451
rep3,3303,ALA216,0.8780304
rep3,3313,ALA217,1.0920606
rep3,3323,THR218,1.2201025
rep3,3337,SER219,1.3370489
rep3,3348,LEU220,1.4785643
rep3,3367,THR221,1.5362797
rep3,3381,VAL222,2.831225
rep3,3397,SER223,4.277443
rep3,3408,GLU224,4.97603
rep3,3423,ASP225,4.7979074
rep3,3434,PRO226,5.142036
rep3,3449,ALA227,5.140839
rep3,3459,VAL228,3.9979103
rep3,3475,GLY229,3.8874626
rep3,3482,ASN230,3.1755292
rep3,3496,ILE231,2.1860404
rep3,3515,SER232,2.2725759
rep3,3526,SER233,1.8104522
rep3,3537,PHE234,2.0508444
rep3,3557,CYS235,1.8782227
rep3,3567,TYR236,1.5330863
rep3,3588,ARG237,1.3161011
rep3,3611,PRO238,1.092533
rep3,3626,ARG239,1.1746775
rep3,3649,PRO240,1.1610576
rep3,3664,ASP241,0.8842862
rep3,3676,SER242,0.7133002
rep3,3687,TYR243,0.706225
rep3,3708,HIS244,0.6930539
rep3,3725,LEU245,0.69220114
rep3,3744,LEU246,0.7593385
rep3,3763,ARG247,0.8626585
rep3,3787,HIS248,0.95953643
rep3,3803,PRO249,1.2146472
rep3,3818,VAL250,1.6986842
rep3,3834,THR251,1.464449
rep3,3848,GLY252,1.5838137
rep3,3855,ASP253,1.3225136
rep3,3867,LEU254,0.8668909
rep3,3885,PRO255,0.9536517
rep3,3900,TRP256,0.6989741
rep3,3923,PRO257,0.7505044
rep3,3938,ALA258,0.8717247
rep3,3948,LEU259,0.7032513
rep3,3967,LEU260,0.6792388
rep3,3986,LEU261,0.71984464
rep3,4005,GLY262,0.7067191
rep3,4012,LEU263,0.62101597
rep3,4031,THR264,0.61349535
rep3,4045,ILE265,0.63122004
rep3,4064,VAL266,0.75607723
rep3,4080,SER267,0.8074594
rep3,4091,GLY268,0.7450234
rep3,4098,TRP269,0.6647732
rep3,4122,TYR270,0.5430799
rep3,4143,TRP271,0.5551441
rep3,4167,CYS272,0.52804226
rep3,4178,SER273,0.5557789
rep3,4189,ASP274,0.5199955
rep3,4201,GLN275,0.4703869
rep3,4218,VAL276,0.68886644
rep3,4234,ILE277,0.56714034
rep3,4253,VAL278,0.58886224
rep3,4269,GLN279,0.55950797
rep3,4286,ARG280,0.5429005
rep3,4310,CYS281,0.58798885
rep3,4321,LEU282,0.69853926
rep3,4340,ALA283,0.6768553
rep3,4350,GLY284,0.8125461
rep3,4357,LYS285,1.8307118
rep3,4379,SER286,0.56596255
rep3,4390,LEU287,0.5208544
rep3,4409,THR288,0.5705089
rep3,4423,HIS289,0.5675725
rep3,4440,ILE290,0.51641726
rep3,4459,LYS291,0.49078646
rep3,4481,ALA292,0.4903774
rep3,4491,GLY293,0.49812153
rep3,4498,CYS294,0.4836632
rep3,4509,ILE295,0.46274292
rep3,4528,LEU296,0.43914708
rep3,4547,CYS297,0.45745212
rep3,4558,GLY298,0.5538888
rep3,4565,TYR299,0.59196687
rep3,4586,LEU300,0.53901696
rep3,4605,LYS301,0.68113154
rep3,4627,LEU302,0.84282124
rep3,4646,THR303,0.6858048
rep3,4659,PRO304,0.66314703
rep3,4674,MET305,0.64688075
rep3,4691,PHE306,0.6283918
rep3,4711,LEU307,0.65746486
rep3,4730,MET308,0.6322587
rep3,4747,VAL309,0.5903413
rep3,4763,MET310,0.5554709
rep3,4779,PRO311,0.51099575
rep3,4794,GLY312,0.5685491
rep3,4801,MET313,0.5398168
rep3,4818,ILE314,0.48279032
rep3,4837,SER315,0.47489387
rep3,4848,ARG316,0.52296495
rep3,4872,ILE317,0.54675823
rep3,4891,LEU318,0.56363887
rep3,4910,TYR319,0.57057905
rep3,4930,PRO320,0.75397384
rep3,4945,ASP321,0.88997453
rep3,4957,GLU322,0.8457363
rep3,4972,VAL323,0.78252184
rep3,4988,ALA324,0.78382343
rep3,4998,CYS325,0.83208174
rep3,5008,VAL326,1.0970352
rep3,5024,VAL327,1.0300907
rep3,5039,PRO328,0.9817174
rep3,5054,GLU329,1.285827
rep3,5069,VAL330,1.2046833
rep3,5085,CYS331,0.84187424
rep3,5095,ARG332,1.0327047
rep3,5119,ARG333,1.2888051
rep3,5143,VAL334,1.0856353
rep3,5159,CYS335,0.79249954
rep3,5169,GLY336,0.93002903
rep3,5176,THR337,0.88402396
rep3,5190,GLU338,0.9968125
rep3,5205,VAL339,0.86934626
rep3,5221,GLY340,1.1457399
rep3,5228,CYS341,0.6623447
rep3,5238,SER342,0.6485928
rep3,5249,ASN343,0.6925597
rep3,5263,ILE344,0.6030532
rep3,5282,ALA345,0.66111434
rep3,5292,TYR346,0.56862605
rep3,5312,PRO347,0.5401746
rep3,5327,ARG348,0.5732816
rep3,5351,LEU349,0.5906728
rep3,5370,VAL350,0.59340787
rep3,5386,VAL351,0.68099236
rep3,5402,LYS352,0.6700289
rep3,5424,LEU353,0.6181256
rep3,5443,MET354,0.5938796
rep3,5459,PRO355,0.6226296
rep3,5474,ASN356,0.6420242
rep3,5488,GLY357,0.6516322
rep3,5495,LEU358,0.57810897
rep3,5514,ARG359,0.5472443
rep3,5538,GLY360,0.5832956
rep3,5545,LEU361,0.54822457
rep3,5564,MET362,0.4833653
rep3,5581,LEU363,0.5090051
rep3,5600,ALA364,0.5611668
rep3,5610,VAL365,0.505159
rep3,5626,MET366,0.47663695
rep3,5643,LEU367,0.4674174
rep3,5662,ALA368,0.43556595
rep3,5672,ALA369,0.46922758
rep3,5682,LEU370,0.6067729
rep3,5701,MET371,0.63864774
rep3,5718,SER372,0.49647766
rep3,5729,SER373,0.49184695
rep3,5740,LEU374,0.4231061
rep3,5759,ALA375,0.49604887
rep3,5769,SER376,0.6218248
rep3,5780,ILE377,0.4473657
rep3,5799,PHE378,0.43214095
rep3,5819,ASN379,0.45986778
rep3,5833,SER380,0.44506487
rep3,5844,SER381,0.42835784
rep3,5855,SER382,0.41747048
rep3,5866,THR383,0.41171846
rep3,5880,LEU384,0.42725098
rep3,5899,PHE385,0.4461411
rep3,5919,THR386,0.47369394
rep3,5933,MET387,0.4753129
rep3,5950,ASP388,0.4807603
rep3,5962,ILE389,0.53570545
rep3,5981,TYR390,0.59920514
rep3,6002,THR391,0.6422845
rep3,6016,ARG392,0.6658772
rep3,6040,LEU393,0.85917294
rep3,6059,ARG394,0.9407591
rep3,6082,PRO395,1.0925906
rep3,6097,ARG396,1.3609867
rep3,6121,ALA397,1.0974647
rep3,6131,GLY398,1.2114079
rep3,6138,ASP399,1.0161779
rep3,6150,ARG400,0.90138173
rep3,6174,GLU401,0.8187887
rep3,6189,LEU402,0.7391598
rep3,6208,LEU403,0.6776923
rep3,6227,LEU404,0.72140485
rep3,6246,VAL405,0.6612653
rep3,6262,GLY406,0.6782316
rep3,6269,ARG407,0.6299372
rep3,6293,LEU408,0.6685566
rep3,6312,TRP409,0.5612298
rep3,6336,VAL410,0.7252021
rep3,6352,VAL411,0.8862817
rep3,6368,PHE412,0.8150747
rep3,6388,ILE413,0.7255939
rep3,6407,VAL414,0.71681666
rep3,6423,VAL415,0.77819383
rep3,6439,VAL416,0.7925458
rep3,6455,SER417,0.73293835
rep3,6466,VAL418,0.7595507
rep3,6482,ALA419,0.8538704
rep3,6492,TRP420,0.7805837
rep3,6516,LEU421,0.7460815
rep3,6534,PRO422,0.82314306
rep3,6549,VAL423,0.79463935
rep3,6565,VAL424,0.79352254
rep3,6581,GLN425,0.9222152
rep3,6598,ALA426,0.97945005
rep3,6608,ALA427,0.8478763
rep3,6618,GLN428,0.95661175
rep3,6635,GLY429,1.4393198
rep3,6642,GLY430,1.933034
rep3,6649,GLN431,1.0857321
rep3,6666,LEU432,0.76525676
rep3,6685,PHE433,0.84279335
rep3,6705,ASP434,0.73724616
rep3,6717,TYR435,0.58501214
rep3,6738,ILE436,0.6057987
rep3,6757,GLN437,0.59323525
rep3,6774,ALA438,0.5896997
rep3,6784,VAL439,0.56706583
rep3,6800,SER440,0.5668943
rep3,6811,SER441,0.67515767
rep3,6822,TYR442,0.6852976
rep3,6843,LEU443,0.599375
rep3,6862,ALA444,0.5571345
rep3,6871,PRO445,0.5158417
rep3,6885,PRO446,0.55129224
rep3,6900,VAL447,0.5531983
rep3,6916,SER448,0.62313205
rep3,6927,ALA449,0.5602268
rep3,6937,VAL450,0.59033805
rep3,6953,PHE451,0.6992989
rep3,6973,VAL452,0.72556627
rep3,6989,LEU453,0.57089376
rep3,7008,ALA454,0.61069185
rep3,7018,LEU455,0.619467
rep3,7037,PHE456,0.64727306
rep3,7057,VAL457,0.6298343
rep3,7072,PRO458,0.6479151
rep3,7087,ARG459,0.63543975
rep3,7111,VAL460,0.54902375
rep3,7127,ASN461,0.5368936
rep3,7141,GLU462,0.49537688
rep3,7156,GLN463,0.57803386
rep3,7173,GLY464,0.6122147
rep3,7180,ALA465,0.5886843
rep3,7190,PHE466,0.5778902
rep3,7210,TRP467,0.64700794
rep3,7234,GLY468,0.69309795
rep3,7241,LEU469,0.6327399
rep3,7260,ILE470,0.6177365
rep3,7279,GLY471,0.62061185
rep3,7286,GLY472,0.63724244
rep3,7293,LEU473,0.6615395
rep3,7312,LEU474,0.65907294
rep3,7331,MET475,0.63559496
rep3,7348,GLY476,0.67406946
rep3,7355,LEU477,0.78235
rep3,7374,ALA478,0.7906398
rep3,7384,ARG479,0.7410687
rep3,7408,LEU480,0.8481351
rep3,7427,ILE481,0.9083642
rep3,7445,PRO482,1.0446204
rep3,7460,GLU483,1.1597859
rep3,7475,PHE484,1.0650011
rep3,7495,SER485,1.1876153
rep3,7506,PHE486,1.4100053
rep3,7526,GLY487,2.1239777
rep3,7533,SER488,2.70494
rep3,7544,GLY489,3.546046
rep3,7551,SER490,3.9676144
rep3,7562,CYS491,2.5430882
rep3,7572,VAL492,3.451893
rep3,7588,GLN493,3.0756905
rep3,7604,PRO494,3.8341098
rep3,7619,SER495,2.8025339
rep3,7630,ALA496,2.0762029
rep3,7640,CYS497,1.9117695
rep3,7649,PRO498,1.979161
rep3,7664,ALA499,1.8280543
rep3,7674,PHE500,1.9095815
rep3,7694,LEU501,1.388459
rep3,7713,CYS502,1.2335883
rep3,7723,GLY503,1.4166543
rep3,7730,VAL504,0.89298755
rep3,7746,HIS505,0.773586
rep3,7763,TYR506,0.6724796
rep3,7784,LEU507,0.6191777
rep3,7803,TYR508,0.6183965
rep3,7824,PHE509,0.61663723
rep3,7844,ALA510,0.54828894
rep3,7854,ILE511,0.54702795
rep3,7873,VAL512,0.6385777
rep3,7889,LEU513,0.5329011
rep3,7908,PHE514,0.50613177
rep3,7928,PHE515,0.5980957
rep3,7948,CYS516,0.5908288
rep3,7959,SER517,0.5445955
rep3,7970,GLY518,0.60419184
rep3,7977,LEU519,0.6291366
rep3,7996,LEU520,0.5734319
rep3,8015,THR521,0.5603161
rep3,8029,LEU522,0.6597782
rep3,8048,THR523,0.6861372
rep3,8062,VAL524,0.63676155
rep3,8078,SER525,0.613953
rep3,8089,LEU526,0.77892816
rep3,8108,CYS527,0.84874475
rep3,8119,THR528,0.75507426
rep3,8133,ALA529,0.86172724
rep3,8142,PRO530,0.8366195
rep3,8157,ILE531,0.77422297
rep3,8175,PRO532,0.80144995
rep3,8190,ARG533,0.8253498
rep3,8214,LYS534,0.7288052
rep3,8236,HIS535,0.58765495
rep3,8253,LEU536,0.6052786
rep3,8272,HIS537,0.67364275
rep3,8289,ARG538,0.7632559
rep3,8313,LEU539,0.55507785
rep3,8332,VAL540,0.58756334
rep3,8348,PHE541,0.6974026
rep3,8368,SER542,0.94690275
rep3,8379,LEU543,0.8041818
rep3,8398,ARG544,1.019146
rep3,8422,HIS545,1.1847242
rep3,8439,SER546,1.2730705
rep3,8450,LYS547,1.446832
rep3,8472,GLU548,1.2253757
rep3,8487,GLU549,1.0811439
rep3,8502,ARG550,0.8375409
rep3,8526,GLU551,0.90040034
rep3,8541,ASP552,1.2301261
rep3,8553,LEU553,1.1048969
rep3,8572,ASP554,1.500714
rep3,8584,GLU555,1.0038939
rep3,8599,ASP556,1.5284191
rep3,8611,ILE557,1.7376215
rep3,8630,SER558,1.5475832
rep3,8641,GLU559,1.0988994
rep3,8656,ASP560,1.4519665
rep3,8667,PRO561,1.7299132
rep3,8682,SER562,1.9823307
rep3,8693,TRP563,1.6359152
rep3,8717,ALA564,1.6212691
rep3,8727,ARG565,1.3945514
rep3,8751,VAL566,1.2608154
rep3,8767,VAL567,0.9282571
rep3,8783,ASN568,0.82777673
rep3,8797,LEU569,0.8087379
rep3,8816,ASN570,0.7399235
rep3,8830,ALA571,0.6219043
rep3,8840,LEU572,0.69999886
rep3,8859,LEU573,0.7091438
rep3,8878,MET574,0.6712197
rep3,8895,MET575,0.7227833
rep3,8912,ALA576,0.76650983
rep3,8922,VAL577,0.75823957
rep3,8938,ALA578,0.7411098
rep3,8948,VAL579,0.74261725
rep3,8964,PHE580,0.743885
rep3,8984,LEU581,0.73264015
rep3,9003,TRP582,0.71827066
rep3,9027,GLY583,0.8041998
rep3,9034,PHE584,0.7847596
rep3,9054,TYR585,0.7026992
rep3,9075,ALA586,0.73230124
