residue,mean_occupancy,sd_occupancy,n
GLN437,0.733465034965035,0.16205780662664795,3
SER440,0.7291233766233766,0.17093410351154523,3
ASN55,0.7115764235764236,0.12543741265952546,3
TYR270,0.6947770562770562,0.08141224911839745,3
PHE78,0.6801110556110556,0.11432973912241073,3
SER267,0.6697993672993673,0.09471535716197144,3
LEU263,0.6498055278055278,0.09292265037550727,3
LYS134,0.6384252414252415,0.28197824216461415,3
ILE436,0.6232845487845488,0.12584593734797087,3
ALA82,0.6026516816516817,0.09474664328923613,3
ASN81,0.598474691974692,0.14011766560001185,3
TRP271,0.5834652014652014,0.04300652654100033,3
THR133,0.556097569097569,0.425640666948525,3
HIS60,0.5473917748917749,0.2873146145524532,3
SER373,0.5365997335997336,0.3306408153441461,3
ASP138,0.5250954045954046,0.3779070369876853,3
VAL266,0.5177191142191142,0.15500009805403164,3
GLY57,0.38830919080919085,0.1744426734985709,3
SER54,0.3518225108225108,0.2777889516342965,3
GLU79,0.3311033966033966,0.16947091259101346,3
PHE433,0.324478687978688,0.21225559751227782,3
ILE56,0.3099340659340659,0.12178841031911451,3
LEU64,0.29016916416916416,0.21968579684645492,3
VAL137,0.28180735930735934,0.258992292231266,3
GLY59,0.2720779220779221,0.4279541432619051,3
ILE377,0.23399017649017648,0.3729869662773497,3
LEU374,0.1996242091242091,0.23474301011788218,3
VAL85,0.18682667332667327,0.3038106594570601,3
TRP269,0.1523088578088578,0.15420724234621958,3
SER441,0.1373190143190143,0.09188109832543434,3
PHE132,0.10913403263403264,0.055115150080235036,3
ALA510,0.09725,0.01520279579551077,2
LEU129,0.0968203463203463,0.06956175016540413,3
VAL439,0.09614618714618713,0.0480594887789652,3
SER58,0.09458608058608058,0.12784652427056212,3
VAL124,0.0925,,1
LYS301,0.08411538461538459,0.0647097182279145,3
ILE135,0.08329254079254077,0.0389396353589034,3
LEU443,0.08065634365634364,0.05161270949645148,3
ALA438,0.07999567099567097,0.06006554907841076,3
ALA444,0.07698967698967697,0.04958502692464939,3
SER136,0.07580369630369631,0.011679696302697584,3
TYR435,0.07565084915084913,0.02520755172565029,3
PHE61,0.07343290043290045,0.11082642858672963,3
TYR442,0.0733311688311688,0.059858310451202434,3
SER123,0.0695,,1
PRO445,0.06899567099567096,0.05107570194278404,3
ILE265,0.0678283383283383,0.04591704603385621,3
TYR121,0.0655,,1
TYR130,0.06465201465201463,0.03667754629587917,3
ILE131,0.06348418248418246,0.020808892121894944,3
ILE511,0.062,0.0028284271247461927,2
LEU122,0.0615,,1
LEU370,0.060779886779886765,0.08668974208898672,3
PHE128,0.05982384282384281,0.03402169471726467,3
PHE515,0.0595,,1
ALA369,0.0581260406260406,0.057695826521326245,3
GLY63,0.058115717615717606,0.08217722382604382,3
LEU513,0.056,0.0021213203435596446,2
VAL62,0.055780053280053275,0.09016064459050604,3
SER141,0.055618215118215096,0.07815070494680952,3
LEU125,0.05424500499500495,0.06258601413881758,2
GLY262,0.05399617049617047,0.03751983882872586,3
TRP409,0.052,,1
THR264,0.050819680319680295,0.025238594581522226,3
PHE509,0.05025,0.0038890872965260076,2
TYR506,0.047823343323343294,0.021368624154790565,3
ALA345,0.0464535464535464,,1
PHE412,0.046,,1
LEU507,0.04599633699633696,0.033393631962357825,3
MET139,0.0443076923076923,0.029224518562451972,3
LEU127,0.0422457542457542,0.04773571213332887,2
LEU432,0.039991508491508454,0.032538920741054946,2
ARG316,0.0399600399600399,,1
TRP80,0.03798118548118547,0.029465350094036693,3
ALA69,0.0379620379620379,,1
SER126,0.03749750249750245,0.04596547277902969,2
ALA70,0.0374625374625374,,1
GLY476,0.037000000000000005,0.007778174593052022,2
SER71,0.0349650349650349,,1
TRP467,0.0345,,1
GLY68,0.0334665334665334,,1
PHE52,0.03314785214785213,0.02484486624988492,3
ASP434,0.032992007992007966,0.037814890927151436,3
LEU120,0.032,,1
MET371,0.03197119547119547,0.047260373979086306,3
ARG247,0.0319680319680319,,1
GLY77,0.0318168498168498,0.023226289459977307,3
ILE389,0.0315,,1
VAL323,0.0309690309690309,,1
GLY72,0.0309690309690309,,1
LEU519,0.0305,,1
PHE140,0.030151015651015634,0.024531483687413383,3
LEU469,0.03,,1
ILE470,0.03,,1
PRO304,0.029317016317016303,0.025497478857834023,3
MET366,0.02897352647352645,0.033903686276771546,2
ILE344,0.0289710289710289,,1
PHE514,0.02725,0.028637824638055174,2
GLN431,0.0272457542457542,0.026522508697732445,2
ASN343,0.02722852147852145,0.02224348839100156,2
GLN463,0.027,,1
ALA53,0.02665567765567763,0.0127328278241571,3
SER372,0.026483682983682966,0.020436472301590233,3
GLY66,0.0264742757242757,0.035318959439715844,2
LEU261,0.026165334665334633,0.03015247778781366,3
VAL75,0.0258123543123543,0.03266106998939464,3
SER342,0.025724525474525452,0.035672866030499524,2
TYR213,0.0254745254745254,,1
MET308,0.0253170163170163,0.02277993906729973,3
LEU83,0.025153513153513135,0.01832398022571669,3
ASP241,0.0249750249750249,,1
SER242,0.0244755244755244,,1
THR67,0.024311854811854803,0.034856800706258524,3
PHE466,0.024,,1
GLY430,0.0237462537462537,0.022986268391418905,2
VAL424,0.0233300033300033,0.0123982485349061,3
TYR508,0.02325,0.01803122292025696,2
GLY429,0.02324900099900095,0.03005345100118995,2
LEU367,0.02322852147852145,0.027900342640493937,2
ARG479,0.023,0.015556349186104046,2
LEU384,0.0225,,1
LEU480,0.0223328338328338,0.02330481823278303,3
CYS516,0.022,,1
SER448,0.02174450549450545,0.0152105661996997,2
LEU474,0.0215,,1
LEU73,0.0214785214785214,,1
LEU260,0.0212472527472527,0.022277748809470747,2
ILE188,0.020736763236763198,0.00811300837355389,2
PHE385,0.0205,,1
TRP420,0.020321844821844803,0.012553703340160597,3
ALA258,0.02024850149850145,0.024397303152078373,2
HIS505,0.0195,,1
VAL452,0.019,,1
GLY518,0.0185,,1
GLN428,0.018498501498501452,0.021922429417925462,2
LEU259,0.0183266733266733,0.01357571973661431,3
LEU302,0.01824300699300695,0.006020297245416994,2
LEU473,0.018166333666333634,0.025121713380722107,3
SER517,0.018,,1
PRO257,0.018,,1
ALA76,0.01798884448884447,0.016575030680742498,3
VAL512,0.017750000000000002,0.009545941546018394,2
PRO482,0.0175,,1
ALA427,0.0172462537462537,0.013793880235993785,2
ALA368,0.016987345987345966,0.019129905320594366,3
TYR346,0.0169830169830169,,1
PRO311,0.0164835164835164,,1
ALA449,0.016,,1
CYS341,0.0159840159840159,,1
HIS244,0.0159840159840159,,1
MET475,0.01575,0.01590990257669732,2
GLY268,0.015496503496503467,0.014656141519139958,3
SER315,0.0154845154845154,,1
PRO347,0.0154845154845154,,1
GLY142,0.01523651348651345,0.01659793654760206,2
VAL524,0.015,,1
GLY312,0.0149850149850149,,1
LEU349,0.0149850149850149,,1
VAL326,0.0149850149850149,,1
ALA465,0.0145,,1
LEU254,0.0144897602397602,0.008470800166431995,2
ARG348,0.0144855144855144,,1
VAL350,0.0144855144855144,,1
MET310,0.0144855144855144,,1
VAL416,0.0142442557442557,0.0038972109009053403,2
VAL450,0.014,,1
ALA65,0.013988011988011965,0.019090815130477903,3
CYS325,0.0139860139860139,,1
LEU477,0.013666167166167134,0.01279068277497603,3
ARG117,0.0135,,1
ALA74,0.0134867632367632,0.01836605670075883,2
ALA324,0.0134865134865134,,1
VAL447,0.0132482517482517,0.013791054634470565,2
LEU162,0.012996503496503449,0.008490226176904276,2
VAL309,0.01298801198801195,0.015539395576964654,2
VAL351,0.0129870129870129,,1
PRO238,0.0129870129870129,,1
THR528,0.0125,,1
PRO446,0.012499833499833468,0.014773489570482735,3
TYR319,0.0124875124875124,,1
ILE314,0.0124875124875124,,1
ALA478,0.01225,0.016617009357883867,2
PHE456,0.012,,1
MET313,0.0119880119880119,,1
ASP274,0.011658008658008633,0.013027327578762257,3
GLY472,0.011000000000000001,0.009192388155425118,2
GLY468,0.011,,1
GLY471,0.011,,1
GLU462,0.011,,1
PHE93,0.011,,1
GLY298,0.0109947552447552,0.0007145239851850706,2
LEU318,0.0109890109890109,,1
LEU300,0.010745004995004949,0.001067724175587943,2
VAL423,0.010492673992673967,0.010464101192094899,3
MET305,0.010490509490509451,0.012007393672935941,2
LYS352,0.0104895104895104,,1
GLU483,0.01025,0.006010407640085654,2
ILE481,0.01025,0.01308147545195113,2
PRO106,0.0095,,1
SER488,0.0095,,1
THR303,0.009244755244755199,0.0017603497489678444,2
VAL365,0.0092422577422577,0.008827885558929296,2
ASN461,0.009,,1
THR521,0.009,,1
PHE451,0.009,,1
GLY464,0.009,,1
LEU453,0.009,,1
ILE118,0.009,,1
LEU353,0.0089910089910089,,1
PHE84,0.0088306693306693,0.0023643211775738076,3
LEU520,0.0085,,1
PHE113,0.0085,,1
LEU455,0.0085,,1
LEU501,0.0085,,1
LEU109,0.0085,,1
ILE277,0.008493756243756199,0.0056480242447322455,2
TYR243,0.0084915084915084,,1
PHE484,0.008332334332334301,0.01101586675406556,3
SER417,0.008164335664335633,0.006331785541394113,3
GLY340,0.0079920079920079,,1
LEU522,0.0075,,1
LEU526,0.0075,,1
PHE145,0.0074925074925074,,1
GLU322,0.0074925074925074,,1
ASP388,0.007,,1
GLY487,0.007,,1
PHE486,0.007,,1
SER525,0.0065,,1
CYS497,0.0065,,1
CYS527,0.0065,,1
ARG459,0.0065,,1
VAL276,0.0064942557442557,0.007062944207486146,2
ARG239,0.0064935064935064,,1
TRP582,0.006164169164169134,0.0027519742069829385,3
VAL460,0.006,,1
TYR12,0.0059940059940059,,1
MET354,0.0059940059940059,,1
LEU161,0.0059940059940059,,1
ALA199,0.0059940059940059,,1
ALA364,0.0059940059940059,,1
ALA426,0.0057462537462537,0.0024695757312968077,2
SER495,0.0055,,1
ARG119,0.0055,,1
ALA419,0.00524550449550445,0.0052969432554717906,2
LEU92,0.005,,1
THR523,0.005,,1
SER485,0.005,,1
VAL504,0.005,,1
PRO458,0.005,,1
GLY489,0.005,,1
LEU88,0.0049997502497501995,0.0063643142308694,2
LEU209,0.0049950049950049,,1
LEU195,0.0049950049950049,,1
CYS272,0.00474850149850145,0.0024769929352954022,2
PRO422,0.00474550449550445,0.006004050036658338,2
SER381,0.0045,,1
ILE531,0.0045,,1
CYS297,0.004498001998001966,0.0021773885659304823,3
ASP253,0.00424750249750245,0.0010571281698757249,2
GLN184,0.00424600399600395,0.005297649655852596,2
MET105,0.004,,1
VAL457,0.004,,1
CYS502,0.004,,1
TYR97,0.004,,1
SER273,0.0039992507492507,0.0035365935065040156,2
LEU189,0.0039960039960039,,1
ILE317,0.0039960039960039,,1
LEU421,0.0036650016650016334,0.0015253464011052808,3
ARG112,0.0035,,1
GLN425,0.0034987512487512,0.001415979563325178,2
LEU51,0.0032500000000000003,0.0038890872965260115,2
TRP256,0.003,,1
ALA149,0.0029970029970029,,1
VAL203,0.0029970029970029,,1
VAL339,0.0027490009990009502,0.0010620729725415023,2
ALA496,0.0025,,1
PHE378,0.0025,,1
ALA454,0.0025,,1
GLY252,0.0025,,1
VAL144,0.00249850149850145,0.0007049875800440616,2
GLN148,0.0024975024975024,,1
PRO240,0.0024975024975024,,1
ARG359,0.0024975024975024,,1
SER490,0.002,,1
GLY114,0.002,,1
ARG116,0.002,,1
VAL158,0.00199950049950045,0.0014149199627539709,2
CYS235,0.0019980019980019,,1
THR185,0.0019980019980019,,1
PHE200,0.0019980019980019,,1
ILE413,0.0017497502497502001,0.0017681201531568422,2
VAL418,0.0017487512487512,0.001058894170827738,2
ARG110,0.0015,,1
GLY115,0.0015,,1
PRO255,0.0015,,1
PRO494,0.0015,,1
PRO530,0.0015,,1
PHE541,0.0015,,1
ALA578,0.00149900099900095,0.0007056939804248667,2
ALA216,0.0014985014985014,,1
ALA192,0.0014985014985014,,1
GLU202,0.0014985014985014,,1
ALA143,0.0012495004995004499,0.0003542597909741495,2
THR165,0.00124900099900095,0.0010592473710181404,2
SER376,0.00124900099900095,0.0010592473710181404,2
LEU307,0.00124900099900095,0.0010592473710181404,2
PRO498,0.001,,1
PHE500,0.001,,1
LEU536,0.001,,1
ALA499,0.001,,1
GLY503,0.001,,1
LYS111,0.001,,1
VAL86,0.0009997502497502,0.0007074599813770207,2
GLN275,0.0009997502497502,0.0007074599813770207,2
CYS491,0.0009990009990009,,1
LEU581,0.0009990009990009,,1
MET362,0.0009990009990009,,1
ILE146,0.0009990009990009,,1
ARG237,0.0009990009990009,,1
SER380,0.0007497502497502,0.00035390659078374703,2
TYR299,0.0007497502497502,0.00035390659078374703,2
ALA529,0.0005,,1
ALA375,0.0005,,1
TYR108,0.0005,,1
ARG392,0.0005,,1
GLN107,0.0005,,1
GLN279,0.0005,,1
MET575,0.0005,,1
HIS535,0.0005,,1
ILE159,0.0005,,1
ASN379,0.0005,,1
GLN493,0.0005,,1
SER382,0.0005,,1
THR104,0.0005,,1
VAL278,0.0004997502497502,3.532001904732567e-07,2
LEU214,0.0004995004995004,,1
ILE9,0.0004995004995004,,1
LEU361,0.0004995004995004,,1
LEU363,0.0004995004995004,,1
LEU245,0.0004995004995004,,1
PHE306,0.0004995004995004,,1
PHE13,0.0004995004995004,,1
GLN147,0.0004995004995004,,1
ARG280,0.0004995004995004,,1
VAL187,0.0004995004995004,,1
TYR585,0.0004995004995004,,1
