replicate,residue,occupancy
rep1,UNK1,1.0
rep1,GLN437,0.68
rep1,VAL266,0.6375
rep1,SER440,0.631
rep1,SER267,0.6295
rep1,TYR270,0.6295
rep1,LEU263,0.61
rep1,PHE78,0.573
rep1,ASN55,0.5675
rep1,HIS60,0.5665
rep1,ALA82,0.551
rep1,SER54,0.5375
rep1,VAL85,0.5375
rep1,TRP271,0.534
rep1,GLU79,0.519
rep1,ILE436,0.4875
rep1,ASN81,0.471
rep1,ILE56,0.4395
rep1,GLY57,0.367
rep1,LYS134,0.3235
rep1,SER441,0.2265
rep1,PHE433,0.1595
rep1,SER373,0.156
rep1,LEU125,0.0985
rep1,ALA438,0.098
rep1,VAL137,0.0975
rep1,PHE128,0.096
rep1,TYR435,0.096
rep1,VAL124,0.0925
rep1,TYR442,0.0915
rep1,ILE265,0.0905
rep1,ASP138,0.09
rep1,ALA510,0.0865
rep1,GLY262,0.0825
rep1,PRO445,0.081
rep1,THR264,0.0795
rep1,LEU129,0.0775
rep1,LEU507,0.0775
rep1,LEU443,0.077
rep1,LEU127,0.076
rep1,VAL439,0.076
rep1,THR133,0.0755
rep1,ASP434,0.0745
rep1,TYR506,0.0715
rep1,ALA444,0.0705
rep1,SER126,0.07
rep1,SER123,0.0695
rep1,SER136,0.0665
rep1,TYR121,0.0655
rep1,ILE511,0.064
rep1,LEU432,0.063
rep1,LEU122,0.0615
rep1,LEU261,0.0605
rep1,PHE132,0.0605
rep1,PHE515,0.0595
rep1,LEU513,0.0575
rep1,LEU64,0.0565
rep1,ILE131,0.056
rep1,TRP269,0.0535
rep1,TRP409,0.052
rep1,LEU480,0.0475
rep1,PHE509,0.0475
rep1,PHE514,0.0475
rep1,LEU473,0.047
rep1,GLN431,0.046
rep1,PHE412,0.046
rep1,GLY429,0.0445
rep1,ILE135,0.0445
rep1,TYR130,0.043
rep1,PHE140,0.0415
rep1,GLY430,0.04
rep1,ALA258,0.0375
rep1,LEU260,0.037
rep1,TYR508,0.036
rep1,TRP467,0.0345
rep1,ARG479,0.034
rep1,GLN428,0.034
rep1,SER448,0.0325
rep1,GLY268,0.032
rep1,LEU120,0.032
rep1,GLY476,0.0315
rep1,ILE389,0.0315
rep1,LEU259,0.031
rep1,LEU519,0.0305
rep1,ILE470,0.03
rep1,LEU469,0.03
rep1,PRO446,0.029
rep1,ALA427,0.027
rep1,GLN463,0.027
rep1,LEU477,0.027
rep1,MET475,0.027
rep1,GLY59,0.0265
rep1,LYS301,0.026
rep1,VAL424,0.0255
rep1,VAL512,0.0245
rep1,ALA478,0.024
rep1,PHE466,0.024
rep1,VAL447,0.023
rep1,LEU384,0.0225
rep1,CYS516,0.022
rep1,LEU474,0.0215
rep1,PHE484,0.021
rep1,MET139,0.0205
rep1,PHE385,0.0205
rep1,HIS505,0.0195
rep1,ILE481,0.0195
rep1,SER141,0.019
rep1,VAL452,0.019
rep1,GLY518,0.0185
rep1,PRO257,0.018
rep1,SER517,0.018
rep1,GLY472,0.0175
rep1,PRO482,0.0175
rep1,VAL416,0.017
rep1,ALA449,0.016
rep1,TRP420,0.016
rep1,GLY63,0.0155
rep1,VAL524,0.015
rep1,ALA465,0.0145
rep1,GLU483,0.0145
rep1,VAL450,0.014
rep1,ARG117,0.0135
rep1,THR528,0.0125
rep1,ALA53,0.012
rep1,PHE456,0.012
rep1,ASN343,0.0115
rep1,PHE84,0.0115
rep1,GLU462,0.011
rep1,GLY468,0.011
rep1,GLY471,0.011
rep1,PHE93,0.011
rep1,SER58,0.011
rep1,ALA369,0.0095
rep1,LEU374,0.0095
rep1,LEU88,0.0095
rep1,PRO106,0.0095
rep1,SER488,0.0095
rep1,ASN461,0.009
rep1,GLY464,0.009
rep1,ILE118,0.009
rep1,LEU453,0.009
rep1,PHE451,0.009
rep1,SER372,0.009
rep1,THR521,0.009
rep1,ASP274,0.0085
rep1,LEU109,0.0085
rep1,LEU254,0.0085
rep1,LEU455,0.0085
rep1,LEU501,0.0085
rep1,LEU520,0.0085
rep1,PHE113,0.0085
rep1,ILE377,0.008
rep1,VAL423,0.008
rep1,LEU522,0.0075
rep1,LEU526,0.0075
rep1,ASP388,0.007
rep1,GLY487,0.007
rep1,PHE486,0.007
rep1,PHE52,0.007
rep1,THR67,0.007
rep1,ARG459,0.0065
rep1,CYS272,0.0065
rep1,CYS497,0.0065
rep1,CYS527,0.0065
rep1,SER273,0.0065
rep1,SER525,0.0065
rep1,VAL62,0.0065
rep1,LEU51,0.006
rep1,VAL460,0.006
rep1,ARG119,0.0055
rep1,GLY77,0.0055
rep1,SER495,0.0055
rep1,GLY489,0.005
rep1,LEU92,0.005
rep1,PHE61,0.005
rep1,PRO458,0.005
rep1,SER485,0.005
rep1,THR523,0.005
rep1,VAL504,0.005
rep1,GLN425,0.0045
rep1,ILE277,0.0045
rep1,ILE531,0.0045
rep1,LEU83,0.0045
rep1,SER381,0.0045
rep1,ALA426,0.004
rep1,CYS502,0.004
rep1,LEU421,0.004
rep1,MET105,0.004
rep1,TRP80,0.004
rep1,TYR97,0.004
rep1,VAL457,0.004
rep1,ARG112,0.0035
rep1,ASP253,0.0035
rep1,GLY142,0.0035
rep1,MET308,0.0035
rep1,VAL339,0.0035
rep1,ILE413,0.003
rep1,TRP256,0.003
rep1,TRP582,0.003
rep1,VAL158,0.003
rep1,ALA454,0.0025
rep1,ALA496,0.0025
rep1,GLY252,0.0025
rep1,SER417,0.0025
rep1,ARG116,0.002
rep1,CYS297,0.002
rep1,GLY114,0.002
rep1,LEU370,0.002
rep1,SER490,0.002
rep1,VAL144,0.002
rep1,ALA143,0.0015
rep1,ALA419,0.0015
rep1,ALA65,0.0015
rep1,ARG110,0.0015
rep1,GLN275,0.0015
rep1,GLY115,0.0015
rep1,GLY66,0.0015
rep1,MET371,0.0015
rep1,PHE541,0.0015
rep1,PRO255,0.0015
rep1,PRO494,0.0015
rep1,PRO530,0.0015
rep1,VAL276,0.0015
rep1,VAL75,0.0015
rep1,VAL86,0.0015
rep1,ALA499,0.001
rep1,GLY503,0.001
rep1,LEU536,0.001
rep1,LYS111,0.001
rep1,PHE500,0.001
rep1,PRO498,0.001
rep1,SER380,0.001
rep1,ALA368,0.0005
rep1,ALA529,0.0005
rep1,ALA76,0.0005
rep1,ARG392,0.0005
rep1,ASN379,0.0005
rep1,GLN107,0.0005
rep1,GLN279,0.0005
rep1,GLN493,0.0005
rep1,HIS535,0.0005
rep1,MET575,0.0005
rep1,PRO304,0.0005
rep1,PRO422,0.0005
rep1,SER342,0.0005
rep1,SER376,0.0005
rep1,SER382,0.0005
rep1,THR104,0.0005
rep1,TYR108,0.0005
rep1,VAL278,0.0005
rep2,UNK1,1.0
rep2,HIS60,0.8246753246753247
rep2,ASN55,0.7707292707292708
rep2,GLY59,0.7662337662337663
rep2,LYS134,0.7242757242757243
rep2,ASP138,0.7137862137862138
rep2,THR133,0.7072927072927073
rep2,SER373,0.7007992007992008
rep2,TYR270,0.6688311688311688
rep2,PHE78,0.6668331668331668
rep2,ILE436,0.6463536463536463
rep2,SER440,0.6298701298701299
rep2,GLN437,0.6048951048951049
rep2,TRP271,0.6043956043956044
rep2,SER267,0.6018981018981019
rep2,LEU263,0.5834165834165834
rep2,VAL137,0.577922077922078
rep2,ASN81,0.5759240759240759
rep2,GLY57,0.5724275724275725
rep2,PHE433,0.563936063936064
rep2,ALA82,0.544955044955045
rep2,LEU64,0.4925074925074925
rep2,VAL266,0.3426573426573426
rep2,SER58,0.2417582417582417
rep2,PHE61,0.2012987012987013
rep2,ILE56,0.1978021978021978
rep2,GLU79,0.1898101898101898
rep2,LEU370,0.1603396603396603
rep2,VAL62,0.1598401598401598
rep2,LYS301,0.1538461538461538
rep2,GLY63,0.1528471528471528
rep2,SER141,0.1453546453546453
rep2,LEU374,0.1273726273726273
rep2,ILE135,0.1223776223776223
rep2,ALA369,0.1218781218781218
rep2,PHE132,0.0979020979020979
rep2,SER136,0.0889110889110889
rep2,MET371,0.0864135864135864
rep2,MET139,0.0769230769230769
rep2,TRP269,0.0734265734265734
rep2,THR67,0.0644355644355644
rep2,VAL75,0.0629370629370629
rep2,VAL439,0.0614385614385614
rep2,PHE52,0.0564435564435564
rep2,TRP80,0.0564435564435564
rep2,MET366,0.0529470529470529
rep2,GLY66,0.0514485514485514
rep2,SER342,0.0509490509490509
rep2,GLY77,0.0494505494505494
rep2,MET308,0.0489510489510489
rep2,PRO304,0.0489510489510489
rep2,SER372,0.0489510489510489
rep2,ILE131,0.0474525474525474
rep2,TYR435,0.0474525474525474
rep2,PHE140,0.0469530469530469
rep2,ALA345,0.0464535464535464
rep2,TYR130,0.0439560439560439
rep2,ASN343,0.0429570429570429
rep2,LEU367,0.0429570429570429
rep2,SER441,0.0429570429570429
rep2,THR264,0.0409590409590409
rep2,ARG316,0.0399600399600399
rep2,LEU83,0.0394605394605394
rep2,LEU129,0.0389610389610389
rep2,ALA368,0.0379620379620379
rep2,ALA69,0.0379620379620379
rep2,ALA70,0.0374625374625374
rep2,ALA65,0.0359640359640359
rep2,SER71,0.0349650349650349
rep2,TRP420,0.0344655344655344
rep2,ALA76,0.0334665334665334
rep2,GLY68,0.0334665334665334
rep2,ALA53,0.0329670329670329
rep2,SER54,0.0324675324675324
rep2,ARG247,0.0319680319680319
rep2,ALA444,0.0309690309690309
rep2,GLY72,0.0309690309690309
rep2,LEU443,0.0309690309690309
rep2,VAL323,0.0309690309690309
rep2,TYR506,0.0299700299700299
rep2,ILE377,0.0294705294705294
rep2,ILE344,0.0289710289710289
rep2,PHE128,0.0284715284715284
rep2,GLY142,0.0269730269730269
rep2,ALA74,0.0264735264735264
rep2,ILE188,0.0264735264735264
rep2,ASP274,0.0259740259740259
rep2,TYR213,0.0254745254745254
rep2,ASP241,0.0249750249750249
rep2,SER242,0.0244755244755244
rep2,ASP434,0.0239760239760239
rep2,VAL309,0.0239760239760239
rep2,VAL423,0.0219780219780219
rep2,LEU73,0.0214785214785214
rep2,LEU254,0.0204795204795204
rep2,LEU259,0.0199800199800199
rep2,VAL85,0.0199800199800199
rep2,MET305,0.0189810189810189
rep2,LEU432,0.0169830169830169
rep2,TYR346,0.0169830169830169
rep2,PRO311,0.0164835164835164
rep2,CYS341,0.0159840159840159
rep2,HIS244,0.0159840159840159
rep2,PRO347,0.0154845154845154
rep2,SER315,0.0154845154845154
rep2,VAL365,0.0154845154845154
rep2,GLY312,0.0149850149850149
rep2,ILE265,0.0149850149850149
rep2,LEU349,0.0149850149850149
rep2,VAL326,0.0149850149850149
rep2,ARG348,0.0144855144855144
rep2,MET310,0.0144855144855144
rep2,VAL350,0.0144855144855144
rep2,CYS325,0.0139860139860139
rep2,LEU302,0.0139860139860139
rep2,ALA324,0.0134865134865134
rep2,ALA438,0.0129870129870129
rep2,PRO238,0.0129870129870129
rep2,PRO445,0.0129870129870129
rep2,VAL351,0.0129870129870129
rep2,ILE277,0.0124875124875124
rep2,ILE314,0.0124875124875124
rep2,TYR319,0.0124875124875124
rep2,MET313,0.0119880119880119
rep2,GLY262,0.0114885114885114
rep2,VAL276,0.0114885114885114
rep2,VAL416,0.0114885114885114
rep2,LEU318,0.0109890109890109
rep2,LEU507,0.0109890109890109
rep2,SER448,0.0109890109890109
rep2,GLY268,0.0104895104895104
rep2,GLY298,0.0104895104895104
rep2,LYS352,0.0104895104895104
rep2,THR303,0.0104895104895104
rep2,LEU125,0.0099900099900099
rep2,LEU300,0.0099900099900099
rep2,VAL424,0.0099900099900099
rep2,ALA419,0.0089910089910089
rep2,LEU353,0.0089910089910089
rep2,PRO422,0.0089910089910089
rep2,GLN431,0.0084915084915084
rep2,LEU127,0.0084915084915084
rep2,TYR243,0.0084915084915084
rep2,GLN184,0.0079920079920079
rep2,GLY340,0.0079920079920079
rep2,PHE84,0.0079920079920079
rep2,ALA426,0.0074925074925074
rep2,ALA427,0.0074925074925074
rep2,GLU322,0.0074925074925074
rep2,GLY430,0.0074925074925074
rep2,PHE145,0.0074925074925074
rep2,TRP582,0.0074925074925074
rep2,LEU162,0.0069930069930069
rep2,SER417,0.0069930069930069
rep2,ARG239,0.0064935064935064
rep2,TYR442,0.0064935064935064
rep2,ALA199,0.0059940059940059
rep2,ALA364,0.0059940059940059
rep2,CYS297,0.0059940059940059
rep2,LEU161,0.0059940059940059
rep2,MET354,0.0059940059940059
rep2,TYR12,0.0059940059940059
rep2,LEU260,0.0054945054945054
rep2,ASP253,0.0049950049950049
rep2,LEU195,0.0049950049950049
rep2,LEU209,0.0049950049950049
rep2,LEU421,0.0049950049950049
rep2,SER126,0.0049950049950049
rep2,ILE317,0.0039960039960039
rep2,LEU189,0.0039960039960039
rep2,LEU261,0.0039960039960039
rep2,VAL447,0.0034965034965034
rep2,ALA149,0.0029970029970029
rep2,ALA258,0.0029970029970029
rep2,CYS272,0.0029970029970029
rep2,GLN428,0.0029970029970029
rep2,PHE484,0.0029970029970029
rep2,VAL144,0.0029970029970029
rep2,VAL203,0.0029970029970029
rep2,ARG359,0.0024975024975024
rep2,GLN148,0.0024975024975024
rep2,GLN425,0.0024975024975024
rep2,PRO240,0.0024975024975024
rep2,VAL418,0.0024975024975024
rep2,ALA578,0.0019980019980019
rep2,CYS235,0.0019980019980019
rep2,GLY429,0.0019980019980019
rep2,LEU307,0.0019980019980019
rep2,PHE200,0.0019980019980019
rep2,SER376,0.0019980019980019
rep2,THR165,0.0019980019980019
rep2,THR185,0.0019980019980019
rep2,VAL339,0.0019980019980019
rep2,ALA192,0.0014985014985014
rep2,ALA216,0.0014985014985014
rep2,GLU202,0.0014985014985014
rep2,LEU477,0.0014985014985014
rep2,LEU480,0.0014985014985014
rep2,SER273,0.0014985014985014
rep2,ALA143,0.0009990009990009
rep2,ARG237,0.0009990009990009
rep2,CYS491,0.0009990009990009
rep2,ILE146,0.0009990009990009
rep2,LEU473,0.0009990009990009
rep2,LEU581,0.0009990009990009
rep2,MET362,0.0009990009990009
rep2,VAL158,0.0009990009990009
rep2,ARG280,0.0004995004995004
rep2,GLN147,0.0004995004995004
rep2,GLN275,0.0004995004995004
rep2,ILE413,0.0004995004995004
rep2,ILE9,0.0004995004995004
rep2,LEU214,0.0004995004995004
rep2,LEU245,0.0004995004995004
rep2,LEU361,0.0004995004995004
rep2,LEU363,0.0004995004995004
rep2,LEU88,0.0004995004995004
rep2,PHE13,0.0004995004995004
rep2,PHE306,0.0004995004995004
rep2,PRO446,0.0004995004995004
rep2,SER380,0.0004995004995004
rep2,TYR299,0.0004995004995004
rep2,TYR585,0.0004995004995004
rep2,VAL187,0.0004995004995004
rep2,VAL278,0.0004995004995004
rep2,VAL86,0.0004995004995004
rep3,UNK1,1.0
rep3,SER440,0.9265
rep3,GLN437,0.9155
rep3,THR133,0.8855
rep3,LYS134,0.8675
rep3,PHE78,0.8005
rep3,ASN55,0.7965
rep3,TYR270,0.786
rep3,SER267,0.778
rep3,ASP138,0.7715
rep3,LEU263,0.756
rep3,SER373,0.753
rep3,ASN81,0.7485
rep3,ILE436,0.736
rep3,ALA82,0.712
rep3,ILE377,0.6645
rep3,TRP271,0.612
rep3,VAL266,0.573
rep3,SER54,0.4855
rep3,LEU374,0.462
rep3,TRP269,0.33
rep3,LEU64,0.3215
rep3,ILE56,0.2925
rep3,GLU79,0.2845
rep3,HIS60,0.251
rep3,PHE433,0.25
rep3,GLY57,0.2255
rep3,LEU129,0.174
rep3,VAL137,0.17
rep3,PHE132,0.169
rep3,VAL439,0.151
rep3,SER441,0.1425
rep3,LEU443,0.134
rep3,ALA444,0.1295
rep3,ALA438,0.129
rep3,TYR442,0.122
rep3,PRO445,0.113
rep3,ALA510,0.108
rep3,TYR130,0.107
rep3,ILE265,0.098
rep3,ILE131,0.087
rep3,TYR435,0.0835
rep3,ILE135,0.083
rep3,LYS301,0.0725
rep3,SER136,0.072
rep3,GLY262,0.068
rep3,ILE511,0.06
rep3,PHE128,0.055
rep3,LEU513,0.0545
rep3,TRP80,0.0535
rep3,PHE509,0.053
rep3,LEU507,0.0495
rep3,ALA369,0.043
rep3,GLY476,0.0425
rep3,TYR506,0.042
rep3,GLY77,0.0405
rep3,PRO304,0.0385
rep3,PHE52,0.036
rep3,MET139,0.0355
rep3,ALA53,0.035
rep3,VAL424,0.0345
rep3,THR264,0.032
rep3,LEU83,0.0315
rep3,SER58,0.031
rep3,GLY59,0.0235
rep3,MET308,0.0235
rep3,LEU302,0.0225
rep3,SER372,0.0215
rep3,ALA76,0.02
rep3,LEU370,0.02
rep3,LEU162,0.019
rep3,LEU480,0.018
rep3,ILE188,0.015
rep3,SER417,0.015
rep3,LEU261,0.014
rep3,PHE61,0.014
rep3,VAL75,0.013
rep3,ALA368,0.0125
rep3,LEU477,0.0125
rep3,ARG479,0.012
rep3,GLY298,0.0115
rep3,LEU300,0.0115
rep3,VAL512,0.011
rep3,TRP420,0.0105
rep3,TYR508,0.0105
rep3,MET371,0.008
rep3,PRO446,0.008
rep3,THR303,0.008
rep3,TRP582,0.008
rep3,PHE514,0.007
rep3,PHE84,0.007
rep3,LEU473,0.0065
rep3,GLU483,0.006
rep3,GLY63,0.006
rep3,CYS297,0.0055
rep3,MET366,0.005
rep3,ALA65,0.0045
rep3,GLY472,0.0045
rep3,MET475,0.0045
rep3,GLY268,0.004
rep3,LEU259,0.004
rep3,LEU367,0.0035
rep3,VAL365,0.003
rep3,VAL85,0.003
rep3,PHE378,0.0025
rep3,SER141,0.0025
rep3,LEU421,0.002
rep3,MET305,0.002
rep3,PHE140,0.002
rep3,VAL309,0.002
rep3,THR67,0.0015
rep3,VAL423,0.0015
rep3,ALA578,0.001
rep3,ILE481,0.001
rep3,PHE484,0.001
rep3,TYR299,0.001
rep3,VAL418,0.001
rep3,VAL62,0.001
rep3,ALA375,0.0005
rep3,ALA478,0.0005
rep3,ALA74,0.0005
rep3,ASP274,0.0005
rep3,ASP434,0.0005
rep3,GLN184,0.0005
rep3,ILE159,0.0005
rep3,LEU307,0.0005
rep3,LEU51,0.0005
rep3,THR165,0.0005
