block_ns,residue,occupancy,frames_in_block
0-20,ALA82,0.485,400
0-20,ASN55,0.95,400
0-20,ASN81,0.0,400
0-20,ASP138,0.9875,400
0-20,ASP434,0.8225,400
0-20,GLN437,1.0,400
0-20,GLU79,1.0,400
0-20,GLY57,0.065,400
0-20,GLY59,1.0,400
0-20,GLY63,0.925,400
0-20,HIS60,1.0,400
0-20,ILE277,0.005,400
0-20,ILE377,0.26,400
0-20,ILE436,0.0775,400
0-20,ILE56,0.0,400
0-20,LEU254,0.0025,400
0-20,LEU263,0.445,400
0-20,LEU64,0.9825,400
0-20,LYS134,0.995,400
0-20,LYS301,0.2075,400
0-20,PHE433,0.985,400
0-20,PHE78,1.0,400
0-20,SER267,0.92,400
0-20,SER373,0.8925,400
0-20,SER440,0.375,400
0-20,SER54,0.0075,400
0-20,THR133,0.2,400
0-20,THR67,0.955,400
0-20,TRP271,0.9875,400
0-20,TYR270,0.99,400
0-20,TYR506,0.7525,400
0-20,VAL137,0.9275,400
0-20,VAL266,0.3825,400
0-20,VAL276,0.0025,400
0-20,VAL75,0.6225,400
20-40,ALA82,0.1575,400
20-40,ASN55,0.91,400
20-40,ASN81,0.005,400
20-40,ASP138,0.9925,400
20-40,ASP434,0.8775,400
20-40,GLN437,1.0,400
20-40,GLU79,1.0,400
20-40,GLY57,0.335,400
20-40,GLY59,1.0,400
20-40,GLY63,0.9975,400
20-40,HIS60,1.0,400
20-40,ILE277,0.0,400
20-40,ILE377,0.0,400
20-40,ILE436,0.375,400
20-40,ILE56,0.015,400
20-40,LEU254,0.0,400
20-40,LEU263,0.7075,400
20-40,LEU64,0.9875,400
20-40,LYS134,0.9975,400
20-40,LYS301,0.0025,400
20-40,PHE433,1.0,400
20-40,PHE78,1.0,400
20-40,SER267,1.0,400
20-40,SER373,0.915,400
20-40,SER440,0.5775,400
20-40,SER54,0.005,400
20-40,THR133,0.0,400
20-40,THR67,0.9825,400
20-40,TRP271,1.0,400
20-40,TYR270,0.99,400
20-40,TYR506,0.9725,400
20-40,VAL137,0.965,400
20-40,VAL266,0.95,400
20-40,VAL276,0.0,400
20-40,VAL75,0.125,400
40-60,ALA82,0.1825,400
40-60,ASN55,0.925,400
40-60,ASN81,0.0,400
40-60,ASP138,0.9575,400
40-60,ASP434,0.9325,400
40-60,GLN437,1.0,400
40-60,GLU79,1.0,400
40-60,GLY57,0.345,400
40-60,GLY59,1.0,400
40-60,GLY63,0.9925,400
40-60,HIS60,1.0,400
40-60,ILE277,0.0,400
40-60,ILE377,0.0,400
40-60,ILE436,0.8,400
40-60,ILE56,0.1425,400
40-60,LEU254,0.0,400
40-60,LEU263,0.6825,400
40-60,LEU64,1.0,400
40-60,LYS134,1.0,400
40-60,LYS301,0.0075,400
40-60,PHE433,1.0,400
40-60,PHE78,1.0,400
40-60,SER267,1.0,400
40-60,SER373,0.9625,400
40-60,SER440,0.69,400
40-60,SER54,0.0,400
40-60,THR133,0.0,400
40-60,THR67,0.9975,400
40-60,TRP271,1.0,400
40-60,TYR270,1.0,400
40-60,TYR506,0.7525,400
40-60,VAL137,0.985,400
40-60,VAL266,0.9575,400
40-60,VAL276,0.0,400
40-60,VAL75,0.2425,400
60-80,ALA82,0.07,400
60-80,ASN55,0.91,400
60-80,ASN81,0.0,400
60-80,ASP138,0.84,400
60-80,ASP434,0.935,400
60-80,GLN437,1.0,400
60-80,GLU79,1.0,400
60-80,GLY57,0.075,400
60-80,GLY59,1.0,400
60-80,GLY63,0.99,400
60-80,HIS60,1.0,400
60-80,ILE277,0.0,400
60-80,ILE377,0.005,400
60-80,ILE436,0.7825,400
60-80,ILE56,0.61,400
60-80,LEU254,0.0,400
60-80,LEU263,0.62,400
60-80,LEU64,0.9775,400
60-80,LYS134,1.0,400
60-80,LYS301,0.0075,400
60-80,PHE433,1.0,400
60-80,PHE78,1.0,400
60-80,SER267,1.0,400
60-80,SER373,0.9275,400
60-80,SER440,0.6975,400
60-80,SER54,0.0,400
60-80,THR133,0.0,400
60-80,THR67,0.9975,400
60-80,TRP271,1.0,400
60-80,TYR270,1.0,400
60-80,TYR506,0.78,400
60-80,VAL137,0.995,400
60-80,VAL266,0.95,400
60-80,VAL276,0.0,400
60-80,VAL75,0.065,400
80-100,ALA82,0.175,400
80-100,ASN55,0.905,400
80-100,ASN81,0.0,400
80-100,ASP138,0.9175,400
80-100,ASP434,0.975,400
80-100,GLN437,1.0,400
80-100,GLU79,1.0,400
80-100,GLY57,0.08,400
80-100,GLY59,1.0,400
80-100,GLY63,0.9975,400
80-100,HIS60,1.0,400
80-100,ILE277,0.0,400
80-100,ILE377,0.0175,400
80-100,ILE436,0.4075,400
80-100,ILE56,0.6975,400
80-100,LEU254,0.0025,400
80-100,LEU263,0.9475,400
80-100,LEU64,0.985,400
80-100,LYS134,1.0,400
80-100,LYS301,0.01,400
80-100,PHE433,1.0,400
80-100,PHE78,1.0,400
80-100,SER267,1.0,400
80-100,SER373,0.9825,400
80-100,SER440,0.1025,400
80-100,SER54,0.0,400
80-100,THR133,0.0,400
80-100,THR67,0.9975,400
80-100,TRP271,1.0,400
80-100,TYR270,0.9975,400
80-100,TYR506,0.665,400
80-100,VAL137,0.9875,400
80-100,VAL266,0.785,400
80-100,VAL276,0.0,400
80-100,VAL75,0.2475,400
