residue,occupancy
UNK1,1.0
HIS60,0.8246753246753247
ASN55,0.7707292707292708
GLY59,0.7662337662337663
LYS134,0.7242757242757243
ASP138,0.7137862137862138
THR133,0.7072927072927073
SER373,0.7007992007992008
TYR270,0.6688311688311688
PHE78,0.6668331668331668
ILE436,0.6463536463536463
SER440,0.6298701298701299
GLN437,0.6048951048951049
TRP271,0.6043956043956044
SER267,0.6018981018981019
LEU263,0.5834165834165834
VAL137,0.577922077922078
ASN81,0.5759240759240759
GLY57,0.5724275724275725
PHE433,0.563936063936064
ALA82,0.544955044955045
LEU64,0.4925074925074925
VAL266,0.34265734265734266
SER58,0.24175824175824176
PHE61,0.2012987012987013
ILE56,0.1978021978021978
GLU79,0.18981018981018982
LEU370,0.16033966033966035
VAL62,0.15984015984015984
LYS301,0.15384615384615385
GLY63,0.15284715284715283
SER141,0.14535464535464535
LEU374,0.12737262737262736
ILE135,0.12237762237762238
ALA369,0.12187812187812187
PHE132,0.0979020979020979
SER136,0.08891108891108891
MET371,0.08641358641358642
MET139,0.07692307692307693
TRP269,0.07342657342657342
THR67,0.06443556443556443
VAL75,0.06293706293706294
VAL439,0.06143856143856144
PHE52,0.05644355644355644
TRP80,0.05644355644355644
MET366,0.052947052947052944
GLY66,0.05144855144855145
SER342,0.05094905094905095
GLY77,0.04945054945054945
MET308,0.04895104895104895
PRO304,0.04895104895104895
SER372,0.04895104895104895
ILE131,0.047452547452547456
TYR435,0.047452547452547456
PHE140,0.04695304695304695
ALA345,0.046453546453546456
TYR130,0.04395604395604396
ASN343,0.04295704295704296
LEU367,0.04295704295704296
SER441,0.04295704295704296
THR264,0.04095904095904096
ARG316,0.03996003996003996
LEU83,0.039460539460539464
LEU129,0.03896103896103896
ALA368,0.03796203796203796
ALA69,0.03796203796203796
ALA70,0.037462537462537464
ALA65,0.03596403596403597
SER71,0.03496503496503497
TRP420,0.034465534465534464
ALA76,0.033466533466533464
GLY68,0.033466533466533464
ALA53,0.03296703296703297
SER54,0.032467532467532464
ARG247,0.03196803196803197
ALA444,0.030969030969030968
GLY72,0.030969030969030968
LEU443,0.030969030969030968
VAL323,0.030969030969030968
TYR506,0.029970029970029972
ILE377,0.029470529470529472
ILE344,0.028971028971028972
PHE128,0.028471528471528472
GLY142,0.026973026973026972
ALA74,0.026473526473526472
ILE188,0.026473526473526472
ASP274,0.025974025974025976
TYR213,0.025474525474525476
ASP241,0.024975024975024976
SER242,0.024475524475524476
ASP434,0.023976023976023976
VAL309,0.023976023976023976
VAL423,0.02197802197802198
LEU73,0.02147852147852148
LEU254,0.02047952047952048
LEU259,0.01998001998001998
VAL85,0.01998001998001998
MET305,0.01898101898101898
LEU432,0.016983016983016984
TYR346,0.016983016983016984
PRO311,0.016483516483516484
CYS341,0.015984015984015984
HIS244,0.015984015984015984
PRO347,0.015484515484515484
SER315,0.015484515484515484
VAL365,0.015484515484515484
GLY312,0.014985014985014986
ILE265,0.014985014985014986
LEU349,0.014985014985014986
VAL326,0.014985014985014986
ARG348,0.014485514485514486
MET310,0.014485514485514486
VAL350,0.014485514485514486
CYS325,0.013986013986013986
LEU302,0.013986013986013986
ALA324,0.013486513486513486
ALA438,0.012987012987012988
PRO238,0.012987012987012988
PRO445,0.012987012987012988
VAL351,0.012987012987012988
ILE277,0.012487512487512488
ILE314,0.012487512487512488
TYR319,0.012487512487512488
MET313,0.011988011988011988
GLY262,0.011488511488511488
VAL276,0.011488511488511488
VAL416,0.011488511488511488
LEU318,0.01098901098901099
LEU507,0.01098901098901099
SER448,0.01098901098901099
GLY268,0.01048951048951049
GLY298,0.01048951048951049
LYS352,0.01048951048951049
THR303,0.01048951048951049
LEU125,0.00999000999000999
LEU300,0.00999000999000999
VAL424,0.00999000999000999
ALA419,0.008991008991008992
LEU353,0.008991008991008992
PRO422,0.008991008991008992
GLN431,0.008491508491508492
LEU127,0.008491508491508492
TYR243,0.008491508491508492
GLN184,0.007992007992007992
GLY340,0.007992007992007992
PHE84,0.007992007992007992
ALA426,0.007492507492507493
ALA427,0.007492507492507493
GLU322,0.007492507492507493
GLY430,0.007492507492507493
PHE145,0.007492507492507493
TRP582,0.007492507492507493
LEU162,0.006993006993006993
SER417,0.006993006993006993
ARG239,0.006493506493506494
TYR442,0.006493506493506494
ALA199,0.005994005994005994
ALA364,0.005994005994005994
CYS297,0.005994005994005994
LEU161,0.005994005994005994
MET354,0.005994005994005994
TYR12,0.005994005994005994
LEU260,0.005494505494505495
ASP253,0.004995004995004995
LEU195,0.004995004995004995
LEU209,0.004995004995004995
LEU421,0.004995004995004995
SER126,0.004995004995004995
ILE317,0.003996003996003996
LEU189,0.003996003996003996
LEU261,0.003996003996003996
VAL447,0.0034965034965034965
ALA149,0.002997002997002997
ALA258,0.002997002997002997
CYS272,0.002997002997002997
GLN428,0.002997002997002997
PHE484,0.002997002997002997
VAL144,0.002997002997002997
VAL203,0.002997002997002997
ARG359,0.0024975024975024975
GLN148,0.0024975024975024975
GLN425,0.0024975024975024975
PRO240,0.0024975024975024975
VAL418,0.0024975024975024975
ALA578,0.001998001998001998
CYS235,0.001998001998001998
GLY429,0.001998001998001998
LEU307,0.001998001998001998
PHE200,0.001998001998001998
SER376,0.001998001998001998
THR165,0.001998001998001998
THR185,0.001998001998001998
VAL339,0.001998001998001998
ALA192,0.0014985014985014985
ALA216,0.0014985014985014985
GLU202,0.0014985014985014985
LEU477,0.0014985014985014985
LEU480,0.0014985014985014985
SER273,0.0014985014985014985
ALA143,0.000999000999000999
ARG237,0.000999000999000999
CYS491,0.000999000999000999
ILE146,0.000999000999000999
LEU473,0.000999000999000999
LEU581,0.000999000999000999
MET362,0.000999000999000999
VAL158,0.000999000999000999
ARG280,0.0004995004995004995
GLN147,0.0004995004995004995
GLN275,0.0004995004995004995
ILE413,0.0004995004995004995
ILE9,0.0004995004995004995
LEU214,0.0004995004995004995
LEU245,0.0004995004995004995
LEU361,0.0004995004995004995
LEU363,0.0004995004995004995
LEU88,0.0004995004995004995
PHE13,0.0004995004995004995
PHE306,0.0004995004995004995
PRO446,0.0004995004995004995
SER380,0.0004995004995004995
TYR299,0.0004995004995004995
TYR585,0.0004995004995004995
VAL187,0.0004995004995004995
VAL278,0.0004995004995004995
VAL86,0.0004995004995004995
