atom_index,residue,rmsf_A
4,ASP1,19.610014
16,ASN2,8.232407
29,PRO3,1.528353
44,ALA4,1.4813684
54,ASP5,1.2710856
66,ILE6,1.1241723
85,LEU7,1.0139892
104,VAL8,0.90448225
120,ILE9,0.7701998
139,ALA10,0.8440704
149,ALA11,0.89010036
159,TYR12,0.7736381
180,PHE13,0.7544602
200,LEU14,0.9006667
219,LEU15,0.806806
238,VAL16,0.7543593
254,ILE17,0.97565687
273,GLY18,0.98122907
280,VAL19,0.7103926
296,GLY20,0.95315033
303,LEU21,1.1154215
322,TRP22,0.90329975
346,SER23,0.8766646
357,MET24,1.1341518
374,CYS25,1.0925081
385,ARG26,1.1508229
409,THR27,1.5809016
423,ASN28,2.1387224
437,ARG29,1.6331344
461,GLY30,1.5898921
468,THR31,1.2752277
482,VAL32,1.1423539
498,GLY33,1.5594198
505,GLY34,1.7398392
512,TYR35,1.2161
533,PHE36,0.7003467
553,LEU37,0.57144296
572,ALA38,0.6089323
582,GLY39,0.7338948
589,ARG40,0.57043266
613,SER41,0.6974808
624,MET42,0.55034035
641,VAL43,0.652369
657,TRP44,0.54235417
681,TRP45,0.490826
704,PRO46,0.4815989
719,VAL47,0.4410016
735,GLY48,0.46379918
742,ALA49,0.44584528
752,SER50,0.4212309
763,LEU51,0.45382327
782,PHE52,0.48784807
802,ALA53,0.598081
812,SER54,0.5634133
823,ASN55,0.6963313
837,ILE56,0.67014885
856,GLY57,0.5625513
863,SER58,0.58563524
874,GLY59,0.6251728
881,HIS60,0.59278464
898,PHE61,0.5070854
918,VAL62,0.4761785
934,GLY63,0.6209062
941,LEU64,0.5257069
960,ALA65,0.4480542
970,GLY66,0.50574744
977,THR67,0.64970434
991,GLY68,0.6702992
998,ALA69,0.58350044
1008,ALA70,0.72621435
1018,SER71,0.787887
1029,GLY72,0.7077689
1036,LEU73,0.6007648
1055,ALA74,0.53710765
1065,VAL75,0.5114535
1081,ALA76,0.5244763
1091,GLY77,0.5370695
1098,PHE78,0.51338935
1118,GLU79,0.44234383
1133,TRP80,0.44298214
1157,ASN81,0.4049355
1171,ALA82,0.44959185
1181,LEU83,0.48504424
1200,PHE84,0.49915445
1220,VAL85,0.4759885
1236,VAL86,0.4618831
1252,LEU87,0.52144754
1271,LEU88,0.5389069
1290,LEU89,0.44241095
1309,GLY90,0.4542691
1316,TRP91,0.467377
1340,LEU92,0.5562859
1359,PHE93,0.47523767
1379,ALA94,0.49664232
1388,PRO95,0.51810116
1403,VAL96,0.48706737
1419,TYR97,0.42892322
1440,LEU98,0.53356373
1459,THR99,0.62522376
1473,ALA100,0.60787743
1483,GLY101,0.66041124
1490,VAL102,0.54483855
1506,ILE103,0.7317673
1525,THR104,0.82422674
1539,MET105,0.8810469
1555,PRO106,0.5510179
1570,GLN107,0.51962435
1587,TYR108,0.5403813
1608,LEU109,0.5559064
1627,ARG110,0.5336958
1651,LYS111,0.5371198
1673,ARG112,0.5218869
1697,PHE113,0.595806
1717,GLY114,0.87919897
1724,GLY115,1.1372695
1731,ARG116,0.82115996
1755,ARG117,0.7366271
1779,ILE118,0.5908319
1798,ARG119,0.5890716
1822,LEU120,0.57739735
1841,TYR121,0.5910062
1862,LEU122,0.512494
1881,SER123,0.485489
1892,VAL124,0.5603478
1908,LEU125,0.5605109
1927,SER126,0.5058412
1938,LEU127,0.5306437
1957,PHE128,0.5703067
1977,LEU129,0.5189054
1996,TYR130,0.43519562
2017,ILE131,0.5010599
2036,PHE132,0.6335174
2056,THR133,0.54073966
2070,LYS134,0.47409204
2092,ILE135,0.4431988
2111,SER136,0.5077892
2122,VAL137,0.4992116
2138,ASP138,0.5204567
2150,MET139,0.63305616
2167,PHE140,0.54583627
2187,SER141,0.6242446
2198,GLY142,0.6758263
2205,ALA143,0.56410587
2215,VAL144,0.48698676
2231,PHE145,0.53672236
2251,ILE146,0.7229022
2270,GLN147,0.72414243
2287,GLN148,0.66818964
2304,ALA149,0.86649984
2314,LEU150,0.8540137
2333,GLY151,0.9998511
2340,TRP152,1.1568464
2364,ASN153,1.2349247
2378,ILE154,0.8977789
2397,TYR155,1.2331122
2418,ALA156,1.2472395
2428,SER157,1.0690532
2439,VAL158,0.86615705
2455,ILE159,0.6724072
2474,ALA160,0.7463115
2484,LEU161,0.74611306
2503,LEU162,0.6106251
2522,GLY163,0.65183365
2529,ILE164,0.6242477
2548,THR165,0.5445352
2562,MET166,0.6090664
2579,ILE167,0.7989116
2598,TYR168,0.7690537
2619,THR169,0.5712914
2633,VAL170,0.8244592
2649,THR171,0.86916244
2663,GLY172,1.2523329
2670,GLY173,0.83384365
2677,LEU174,0.53280467
2696,ALA175,0.5797046
2706,ALA176,0.5531555
2716,LEU177,0.47957015
2735,MET178,0.44058543
2752,TYR179,0.5827684
2773,THR180,0.7150749
2787,ASP181,0.5671886
2799,THR182,0.59643537
2813,VAL183,0.58816814
2829,GLN184,0.54125524
2846,THR185,0.5142521
2860,PHE186,0.513045
2880,VAL187,0.45948195
2896,ILE188,0.4465195
2915,LEU189,0.54093415
2934,GLY190,0.5630645
2941,GLY191,0.4924223
2948,ALA192,0.4522673
2958,CYS193,0.46947038
2969,ILE194,0.5049402
2988,LEU195,0.4910895
3007,MET196,0.48943633
3024,GLY197,0.57688653
3031,TYR198,0.5804907
3052,ALA199,0.5259618
3062,PHE200,0.54574275
3082,HIS201,0.6165021
3099,GLU202,0.6752977
3114,VAL203,0.7211714
3130,GLY204,0.8462933
3137,GLY205,0.7157615
3144,TYR206,0.6976757
3165,SER207,0.8497937
3176,GLY208,0.86086774
3183,LEU209,0.6657852
3202,PHE210,0.71767867
3222,ASP211,0.80324864
3234,LYS212,0.7185681
3256,TYR213,0.6480456
3277,LEU214,0.8156461
3296,GLY215,0.9294247
3303,ALA216,0.81527245
3313,ALA217,1.0244813
3323,THR218,1.0112491
3337,SER219,1.0958722
3348,LEU220,1.4540744
3367,THR221,2.1206653
3381,VAL222,2.8564324
3397,SER223,2.2592998
3408,GLU224,3.3457127
3423,ASP225,2.6691236
3434,PRO226,2.977762
3449,ALA227,3.5336783
3459,VAL228,2.98628
3475,GLY229,2.5007746
3482,ASN230,2.5077152
3496,ILE231,2.0292351
3515,SER232,1.9851515
3526,SER233,1.9929284
3537,PHE234,1.8534517
3557,CYS235,1.6328213
3567,TYR236,1.4534034
3588,ARG237,1.1281238
3611,PRO238,1.1034734
3626,ARG239,1.309278
3649,PRO240,1.3571669
3664,ASP241,0.9392914
3676,SER242,0.71074986
3687,TYR243,0.631736
3708,HIS244,0.63491213
3725,LEU245,0.68954164
3744,LEU246,0.78626776
3763,ARG247,0.76585835
3787,HIS248,1.0328909
3803,PRO249,1.1823955
3818,VAL250,1.7902906
3834,THR251,1.7037399
3848,GLY252,2.0340302
3855,ASP253,1.490912
3867,LEU254,0.9121472
3885,PRO255,0.76522475
3900,TRP256,0.68827903
3923,PRO257,0.7741176
3938,ALA258,0.7703078
3948,LEU259,0.70539236
3967,LEU260,0.7173835
3986,LEU261,0.6111976
4005,GLY262,0.5532321
4012,LEU263,0.5455917
4031,THR264,0.5101287
4045,ILE265,0.47141808
4064,VAL266,0.5166136
4080,SER267,0.6522833
4091,GLY268,0.744369
4098,TRP269,0.66506416
4122,TYR270,0.64069444
4143,TRP271,0.5844783
4167,CYS272,0.63721323
4178,SER273,0.5365745
4189,ASP274,0.43346262
4201,GLN275,0.426805
4218,VAL276,0.4534723
4234,ILE277,0.49257907
4253,VAL278,0.4761744
4269,GLN279,0.48325208
4286,ARG280,0.5162819
4310,CYS281,0.48197016
4321,LEU282,0.50630575
4340,ALA283,0.47987825
4350,GLY284,0.5186649
4357,LYS285,0.6171428
4379,SER286,0.5465048
4390,LEU287,0.4681213
4409,THR288,0.5198225
4423,HIS289,0.53305244
4440,ILE290,0.45027718
4459,LYS291,0.42322683
4481,ALA292,0.46625447
4491,GLY293,0.44658396
4498,CYS294,0.41476214
4509,ILE295,0.43669137
4528,LEU296,0.42330694
4547,CYS297,0.39806587
4558,GLY298,0.45538485
4565,TYR299,0.5009427
4586,LEU300,0.4559717
4605,LYS301,0.41705006
4627,LEU302,0.48786068
4646,THR303,0.47726917
4659,PRO304,0.45564815
4674,MET305,0.4341294
4691,PHE306,0.44154164
4711,LEU307,0.44197094
4730,MET308,0.42887402
4747,VAL309,0.42363253
4763,MET310,0.4291501
4779,PRO311,0.46640855
4794,GLY312,0.5089922
4801,MET313,0.5001461
4818,ILE314,0.47781837
4837,SER315,0.5174695
4848,ARG316,0.53288907
4872,ILE317,0.59922224
4891,LEU318,0.7451356
4910,TYR319,0.771273
4930,PRO320,0.7930422
4945,ASP321,0.88516414
4957,GLU322,1.0821091
4972,VAL323,0.90253
4988,ALA324,1.1729251
4998,CYS325,1.2282197
5008,VAL326,1.8552878
5024,VAL327,1.7323567
5039,PRO328,1.219939
5054,GLU329,1.4789582
5069,VAL330,1.4909682
5085,CYS331,0.9022644
5095,ARG332,1.365291
5119,ARG333,1.7932901
5143,VAL334,1.5167515
5159,CYS335,1.3764238
5169,GLY336,1.7232829
5176,THR337,1.4420078
5190,GLU338,1.4113687
5205,VAL339,1.5998409
5221,GLY340,1.3819109
5228,CYS341,0.9635311
5238,SER342,0.7276413
5249,ASN343,0.6283918
5263,ILE344,0.5446856
5282,ALA345,0.5516804
5292,TYR346,0.49942625
5312,PRO347,0.52895904
5327,ARG348,0.57622147
5351,LEU349,0.6647595
5370,VAL350,0.6098729
5386,VAL351,0.6029254
5402,LYS352,0.7153588
5424,LEU353,0.74079037
5443,MET354,0.69818443
5459,PRO355,0.84495926
5474,ASN356,0.90934455
5488,GLY357,0.8201307
5495,LEU358,0.6429016
5514,ARG359,0.6385118
5538,GLY360,0.6308747
5545,LEU361,0.5196773
5564,MET362,0.4535194
5581,LEU363,0.48563892
5600,ALA364,0.489021
5610,VAL365,0.42387998
5626,MET366,0.43869692
5643,LEU367,0.4683972
5662,ALA368,0.45720464
5672,ALA369,0.46515012
5682,LEU370,0.44784224
5701,MET371,0.5099168
5718,SER372,0.5908988
5729,SER373,0.4744308
5740,LEU374,0.39175045
5759,ALA375,0.3752509
5769,SER376,0.41198835
5780,ILE377,0.43607736
5799,PHE378,0.42278504
5819,ASN379,0.43036735
5833,SER380,0.46299803
5844,SER381,0.4488399
5855,SER382,0.45930463
5866,THR383,0.44891697
5880,LEU384,0.45299363
5899,PHE385,0.46552742
5919,THR386,0.4624668
5933,MET387,0.5713434
5950,ASP388,0.62331796
5962,ILE389,0.55665505
5981,TYR390,0.61397594
6002,THR391,0.80045396
6016,ARG392,1.1653277
6040,LEU393,1.3474107
6059,ARG394,1.205836
6082,PRO395,1.4392717
6097,ARG396,1.5240902
6121,ALA397,1.1187301
6131,GLY398,1.189367
6138,ASP399,1.0858853
6150,ARG400,1.0004547
6174,GLU401,0.756486
6189,LEU402,0.6708881
6208,LEU403,0.7505577
6227,LEU404,0.7383067
6246,VAL405,0.64530337
6262,GLY406,0.7300242
6269,ARG407,0.8815576
6293,LEU408,0.85395247
6312,TRP409,0.60987043
6336,VAL410,0.61036104
6352,VAL411,0.6843332
6368,PHE412,0.6484599
6388,ILE413,0.5912245
6407,VAL414,0.64246184
6423,VAL415,0.7352341
6439,VAL416,0.71347547
6455,SER417,0.6705236
6466,VAL418,0.74180317
6482,ALA419,0.8157469
6492,TRP420,0.7712867
6516,LEU421,0.74694246
6534,PRO422,0.9029393
6549,VAL423,0.88015074
6565,VAL424,0.73738784
6581,GLN425,0.9172934
6598,ALA426,1.0360438
6608,ALA427,0.93018836
6618,GLN428,1.0716891
6635,GLY429,1.0781878
6642,GLY430,1.2966429
6649,GLN431,0.9173465
6666,LEU432,0.79179674
6685,PHE433,0.72573566
6705,ASP434,0.9453027
6717,TYR435,0.9589921
6738,ILE436,0.7141061
6757,GLN437,0.74599296
6774,ALA438,0.9927945
6784,VAL439,0.8911687
6800,SER440,0.6915182
6811,SER441,0.6870902
6822,TYR442,0.62180084
6843,LEU443,0.5578893
6862,ALA444,0.5838611
6871,PRO445,0.55759615
6885,PRO446,0.57184726
6900,VAL447,0.5648161
6916,SER448,0.5431595
6927,ALA449,0.56226677
6937,VAL450,0.5841155
6953,PHE451,0.62612295
6973,VAL452,0.6081539
6989,LEU453,0.60417676
7008,ALA454,0.6206742
7018,LEU455,0.6218052
7037,PHE456,0.6987159
7057,VAL457,0.66799796
7072,PRO458,0.732413
7087,ARG459,0.7363949
7111,VAL460,0.5939143
7127,ASN461,0.5974217
7141,GLU462,0.570461
7156,GLN463,0.68856806
7173,GLY464,0.65897137
7180,ALA465,0.5742558
7190,PHE466,0.6281822
7210,TRP467,0.68802583
7234,GLY468,0.6821236
7241,LEU469,0.6579066
7260,ILE470,0.7439253
7279,GLY471,0.69578075
7286,GLY472,0.6553259
7293,LEU473,0.6656178
7312,LEU474,0.7094399
7331,MET475,0.65182567
7348,GLY476,0.700604
7355,LEU477,0.7337349
7374,ALA478,0.72087055
7384,ARG479,0.7219931
7408,LEU480,0.79790926
7427,ILE481,0.8803343
7445,PRO482,1.0390396
7460,GLU483,1.1962907
7475,PHE484,1.3037777
7495,SER485,1.156641
7506,PHE486,1.6387522
7526,GLY487,2.2295716
7533,SER488,2.4530082
7544,GLY489,2.8814793
7551,SER490,2.4552326
7562,CYS491,1.8489113
7572,VAL492,2.320558
7588,GLN493,2.7116563
7604,PRO494,2.6822038
7619,SER495,2.4534967
7630,ALA496,2.2272255
7640,CYS497,2.039732
7649,PRO498,2.1397614
7664,ALA499,1.7556022
7674,PHE500,1.9086003
7694,LEU501,2.217463
7713,CYS502,1.896987
7723,GLY503,1.4559934
7730,VAL504,0.86280876
7746,HIS505,0.76531476
7763,TYR506,0.6768191
7784,LEU507,0.6233406
7803,TYR508,0.59359735
7824,PHE509,0.56098247
7844,ALA510,0.52129966
7854,ILE511,0.5145936
7873,VAL512,0.6014775
7889,LEU513,0.52348405
7908,PHE514,0.47838008
7928,PHE515,0.5686664
7948,CYS516,0.60560346
7959,SER517,0.53338337
7970,GLY518,0.56346244
7977,LEU519,0.63753116
7996,LEU520,0.6080257
8015,THR521,0.55671406
8029,LEU522,0.6209169
8048,THR523,0.69559747
8062,VAL524,0.6516307
8078,SER525,0.6293434
8089,LEU526,0.81427807
8108,CYS527,0.88013226
8119,THR528,0.7874663
8133,ALA529,0.8626562
8142,PRO530,0.7960964
8157,ILE531,0.7350016
8175,PRO532,0.83527154
8190,ARG533,0.843268
8214,LYS534,0.8201854
8236,HIS535,0.6958735
8253,LEU536,0.72640765
8272,HIS537,0.7746526
8289,ARG538,0.7984786
8313,LEU539,0.7084585
8332,VAL540,0.7574182
8348,PHE541,0.8529758
8368,SER542,1.0194952
8379,LEU543,0.8771143
8398,ARG544,1.0151528
8422,HIS545,1.1958497
8439,SER546,0.98059
8450,LYS547,1.0924124
8472,GLU548,1.1167551
8487,GLU549,1.2197343
8502,ARG550,1.1480509
8526,GLU551,1.4196105
8541,ASP552,1.4195453
8553,LEU553,1.6490371
8572,ASP554,1.4776801
8584,GLU555,0.9366301
8599,ASP556,0.9509658
8611,ILE557,1.3092614
8630,SER558,1.5158368
8641,GLU559,1.0733359
8656,ASP560,1.201947
8667,PRO561,1.3458533
8682,SER562,1.1019285
8693,TRP563,0.8266684
8717,ALA564,0.9847517
8727,ARG565,1.0425845
8751,VAL566,0.8506088
8767,VAL567,0.6350632
8783,ASN568,0.6591824
8797,LEU569,0.7549017
8816,ASN570,0.6986085
8830,ALA571,0.60844374
8840,LEU572,0.75150996
8859,LEU573,0.84016883
8878,MET574,0.7633144
8895,MET575,0.76885873
8912,ALA576,0.89795935
8922,VAL577,0.8646747
8938,ALA578,0.71507424
8948,VAL579,0.75257754
8964,PHE580,0.77720535
8984,LEU581,0.6890948
9003,TRP582,0.6330868
9027,GLY583,0.7447467
9034,PHE584,0.7243763
9054,TYR585,0.6375693
9075,ALA586,0.6938474
