time_ns,backbone_rmsd_A,ligand_rmsd_A
0.0,0.009128222,0.0
0.04999999999881766,0.7324794,0.22595212
0.09999999999763577,0.82745206,0.22691949
0.14999999999645297,0.9100339,0.27477482
0.19999999999527063,1.0348763,0.30120957
0.24999999999408828,0.9363884,0.23718107
0.29999999999290594,1.0452114,0.26319107
0.3499999999917236,1.1125951,0.28264484
0.39999999999054126,1.1710126,0.27044567
0.44999999998935936,1.1492501,0.4775805
0.49999999998817657,1.0889399,0.2969045
0.5499999999869942,1.139091,0.26859906
0.5999999999858114,1.114578,0.30423194
0.6499999999846295,1.3130369,0.23436865
0.6999999999834476,1.1696242,0.20763439
0.7499999999822649,1.2004219,0.3084154
0.7999999999810825,1.1794144,0.5116334
0.8499999999799002,1.1466007,0.30085814
0.8999999999787178,1.2863022,0.27375883
0.9499999999775355,1.305655,0.5616296
0.9999999999763527,1.378694,0.25626045
1.0499999999751708,1.2671472,0.25582978
1.0999999999739885,1.3451357,0.32271844
1.149999999972806,1.4590886,0.33057398
1.1999999999716238,1.3418486,0.20612901
1.2499999999704414,1.3107823,0.3427938
1.2999999999692595,1.2625028,0.51693285
1.3499999999680767,1.2899894,0.37113792
1.399999999966894,1.239255,0.5399594
1.4499999999657125,1.3094466,0.4173805
1.4999999999645297,1.273935,0.5771564
1.5499999999642564,1.2361245,0.24241331
1.5999999999744428,1.2895048,0.29924908
1.649999999984629,1.2083781,0.2425178
1.6999999999948154,1.1665926,0.24386582
1.7500000000050018,1.287759,0.20630243
1.8000000000151881,1.2645471,0.5159634
1.8500000000253745,1.2898924,0.44212714
1.9000000000355608,1.1734649,0.22384512
1.950000000045748,1.2462949,0.27190733
2.0000000000559335,1.358542,0.24407348
2.05000000006612,1.3109729,0.5464225
2.100000000076307,1.4351064,0.4919691
2.1500000000864925,1.3668884,0.44640696
2.200000000096679,1.4589744,0.24336424
2.250000000106865,1.3543342,0.6302494
2.3000000001170515,1.5101624,0.61381346
2.350000000127238,1.3723941,0.23815289
2.400000000137424,1.4191964,0.3219788
2.4500000001476105,1.4285303,0.3412602
2.500000000157797,1.3635316,0.32739884
2.5500000001679832,1.370237,0.23412691
2.6000000001781696,1.4911728,0.33763862
2.650000000188356,1.4116023,0.49088356
2.7000000001985422,1.4788002,0.18398227
2.7500000002087286,1.3478278,0.26450133
2.800000000218915,1.3549185,0.33632088
2.8500000002291013,1.3135762,0.26209608
2.9000000002392876,1.3104008,0.66732836
2.950000000249474,1.2360908,0.29886043
3.0000000002596603,1.3809285,0.35852528
3.0500000002698466,1.3695072,0.44390315
3.100000000280033,1.5155048,0.3229723
3.1500000002902193,1.4916755,0.3170775
3.2000000003004057,1.4573457,0.40195066
3.250000000310592,1.3824964,0.42846856
3.3000000003207783,1.4316185,0.39315736
3.3500000003309647,1.4944937,0.3578722
3.400000000341151,1.4816148,0.37008047
3.4500000003513374,1.4563448,0.45241505
3.5000000003615237,1.4808273,0.24027085
3.55000000037171,1.5729176,0.251287
3.6000000003818964,1.5227724,0.23283772
3.6500000003920827,1.5306317,0.2959947
3.700000000402269,1.4678853,0.36520857
3.7500000004124554,1.4785467,0.34066585
3.8000000004226417,1.4455485,0.25530505
3.850000000432828,1.3763046,0.39569235
3.9000000004430144,1.3933028,0.3887628
3.9500000004532008,1.3664923,0.49510008
4.000000000463388,1.3617887,0.3287569
4.050000000473573,1.4250555,0.2776932
4.10000000048376,1.3693247,0.42840943
4.150000000493947,1.213779,0.48704985
4.200000000504133,1.3253853,0.37909466
4.250000000514319,1.3359053,0.2860303
4.300000000524506,1.2237607,0.6785177
4.350000000534692,1.2038184,0.30669057
4.400000000544878,1.2410355,0.24159439
4.450000000555065,1.2998986,0.26474348
4.500000000565251,1.2775272,0.21646753
4.550000000575437,1.3017242,0.22893962
4.600000000585624,1.4980855,0.28310314
4.65000000059581,1.4297256,0.31332386
4.700000000605996,1.444251,0.3756316
4.750000000616183,1.401799,0.4524282
4.800000000626369,1.440091,0.20453244
4.850000000636555,1.6002531,0.3193066
4.900000000646742,1.4941592,0.25178462
4.950000000656928,1.5310127,0.32812628
5.000000000667114,1.4797295,0.8046869
5.050000000677301,1.5354147,0.55276155
5.100000000687487,1.4961098,0.34546974
5.150000000697673,1.5169061,0.34260246
5.20000000070786,1.5407239,0.7694149
5.250000000718046,1.6899788,0.43808448
5.300000000728232,1.6255413,0.39480266
5.350000000738419,1.518663,0.5237001
5.400000000748605,1.5218967,0.5429838
5.450000000758791,1.4812492,0.3330171
5.500000000768978,1.4287637,0.4233922
5.550000000779164,1.5461495,0.5500673
5.6000000007893505,1.6482193,0.46792912
5.650000000799535,1.5379905,0.6639705
5.700000000809721,1.6688429,0.70947117
5.750000000819908,1.5442622,0.69336367
5.800000000830094,1.5638592,0.60133725
5.85000000084028,1.615747,0.59003794
5.900000000850467,1.5439653,0.73977023
5.950000000860653,1.5023624,0.64661556
6.000000000870839,1.510052,0.8657135
6.050000000881026,1.5445049,0.3668086
6.100000000891212,1.4462112,0.51317465
6.150000000901398,1.6173706,0.5887536
6.200000000911585,1.5988206,0.7573556
6.250000000921771,1.442548,0.5515633
6.3000000009319574,1.3775755,0.5521952
6.350000000942144,1.4042637,0.8179767
6.40000000095233,1.5075667,0.4956596
6.4500000009625165,1.5745324,0.4405504
6.500000000972703,1.4097416,0.6494508
6.550000000982889,1.496945,0.47275424
6.6000000009930755,1.5767534,0.49510312
6.650000001003264,1.4346128,0.45314893
6.700000001013446,1.4166696,0.38364273
6.7500000010236345,1.4383252,0.52600265
6.800000001033821,1.4676012,0.34400877
6.850000001044007,1.4575173,0.5196727
6.9000000010541935,1.4541978,0.30444247
6.95000000106438,1.5192938,0.5870275
7.000000001074568,1.4495491,0.4893604
7.050000001084751,1.5376382,0.47115344
7.100000001094939,1.5929991,0.4112556
7.150000001105125,1.5576932,0.5056394
7.200000001115312,1.5833718,0.4364624
7.2500000011255,1.5141022,0.30901396
7.3000000011356825,1.5915339,0.51893526
7.350000001145871,1.5687269,0.42240915
7.400000001156057,1.5882058,0.36483708
7.450000001166243,1.5425615,0.474425
7.50000000117643,1.5712744,0.4211797
7.550000001186616,1.5409403,0.4767592
7.600000001196804,1.6736789,0.44876075
7.650000001206987,1.8241377,0.5590207
7.700000001217175,1.6572187,0.630481
7.750000001227361,1.5798683,0.5967528
7.800000001237548,1.5631399,0.54887134
7.850000001247736,1.577414,0.5671083
7.900000001257919,1.5256698,0.44619328
7.950000001268107,1.6430801,0.54102355
8.000000001278293,1.6926639,0.4989735
8.05000000128848,1.6946565,0.4733527
8.100000001298666,1.7518342,0.4886931
8.150000001308852,1.7052926,0.35385233
8.200000001319038,1.6412026,0.62368256
8.250000001329225,1.691014,0.50636965
8.300000001339411,1.8346137,0.4830191
8.350000001349597,1.8407123,0.6034028
8.400000001359784,1.6678189,0.43171144
8.450000001369972,1.7462363,0.61196077
8.500000001380155,1.5700012,0.4764184
8.550000001390343,1.5861058,0.71428764
8.60000000140053,1.6972113,0.47868687
8.650000001410715,1.8742222,0.45189765
8.700000001420904,1.6774832,0.5791461
8.750000001431086,1.6830373,0.30959207
8.800000001441274,1.6615372,0.47822282
8.85000000145146,1.5688597,0.33402684
8.900000001461647,1.5806329,0.66287667
8.950000001471833,1.577414,0.4944737
9.00000000148202,1.6438658,0.5457676
9.050000001492208,1.6694667,0.52601683
9.10000000150239,1.5687801,0.30324095
9.150000001512579,1.6251826,0.59935653
9.200000001522765,1.6383315,0.36211494
9.250000001532952,1.7350827,0.29232207
9.30000000154314,1.6455884,0.2669742
9.350000001553322,1.631732,0.53901196
9.40000000156351,1.7351788,0.61080796
9.450000001573697,1.667644,0.7041902
9.500000001583883,1.6379501,0.71297216
9.55000000159407,1.5561945,0.51892376
9.600000001604256,1.5846605,0.5646013
9.650000001614444,1.6972113,0.4757987
9.700000001624627,1.6985853,0.65209776
9.750000001634815,1.6320128,0.64901006
9.800000001645001,1.7224548,0.42707518
9.850000001655188,1.8132105,0.75177675
9.900000001665376,1.8575429,0.5946691
9.950000001675559,1.7414342,0.5579188
10.000000001685747,1.7780128,0.6310221
10.050000001695933,1.7807288,0.6752596
10.10000000170612,1.8050354,0.5870427
10.150000001716306,1.7338818,0.56915665
10.200000001726492,1.6398059,0.582709
10.250000001736678,1.5992635,0.7302621
10.300000001746865,1.6366268,0.6556619
10.350000001757051,1.7092459,0.47916603
10.400000001767237,1.6892391,0.55328697
10.450000001777424,1.7734141,0.6139736
10.500000001787612,1.5778364,0.69078636
10.550000001797795,1.672384,0.50947064
10.600000001807983,1.807872,0.6513134
10.650000001818169,1.8202736,0.6626518
10.700000001828355,1.7015995,0.61031735
10.750000001838544,1.5864998,0.70921695
10.800000001848728,1.6789479,0.49971655
10.850000001858914,1.7171738,0.61776745
10.9000000018691,1.6928854,0.6547431
10.950000001879287,1.653645,0.7423662
11.000000001889473,1.6721597,0.53315246
11.05000000189966,1.7907376,0.5933973
11.100000001909848,1.8317729,0.68659097
11.15000000192003,1.912662,0.4349953
11.200000001930219,1.7946188,0.70141685
11.250000001940405,1.877487,0.48571408
11.300000001950592,1.8814992,0.6166182
11.35000000196078,1.9550812,0.7111871
11.400000001970962,1.8022172,0.6875778
11.45000000198115,1.8807905,0.53006357
11.500000001991337,1.7768174,0.7373997
11.550000002001523,1.7475243,0.78079975
11.60000000201171,1.7038751,0.3735192
11.650000002021896,1.7821319,0.7785579
11.700000002032084,1.8401463,0.5865348
11.750000002042267,1.7767,0.5960782
11.800000002052455,1.8208458,0.5350775
11.850000002062641,1.9563379,0.6369194
11.900000002072828,1.958977,0.4290906
11.950000002083016,1.7923189,0.4905222
12.000000002093199,1.6968185,0.5182657
12.050000002103387,1.8021941,0.48490965
12.100000002113573,1.8261236,0.65549374
12.15000000212376,1.675694,0.64535844
12.200000002133946,1.7775441,0.698334
12.250000002144132,1.8815213,0.74049103
12.300000002154318,1.7821553,0.5838535
12.350000002164505,1.7446373,0.60927397
12.400000002174691,1.7868481,0.62850684
12.450000002184877,1.7266823,0.676611
12.500000002195064,1.7619598,0.6140925
12.550000002205252,1.8074112,0.68771
12.600000002215435,1.7672956,0.58340925
12.650000002225623,1.7116086,0.5663484
12.700000002235809,1.7379138,0.5222898
12.750000002245995,1.816241,0.43516654
12.800000002256184,1.7802842,0.35715944
12.850000002266368,1.7548993,0.435413
12.900000002276554,1.7841882,0.70090896
12.95000000228674,1.7517151,0.48403305
13.000000002296927,1.8711965,0.5505953
13.050000002307113,1.852062,0.58946186
13.1000000023173,1.7681911,0.58992934
13.150000002327486,1.7016485,0.6134735
13.20000000233767,1.7263687,0.5981769
13.250000002347859,1.7989085,0.61941034
13.300000002358045,1.91288,0.61626047
13.350000002368231,1.8659793,0.7190988
13.40000000237842,1.8337733,0.5489012
13.450000002388602,1.8487298,0.6545269
13.50000000239879,1.8619783,0.77269065
13.550000002408977,1.7647004,0.5091342
13.600000002419163,1.8944086,0.50428486
13.65000000242935,1.925817,0.5245161
13.700000002439536,1.8252108,0.60009694
13.750000002449724,1.7548043,0.8024839
13.800000002459907,1.8061198,0.67886895
13.850000002470093,1.7328483,0.7264876
13.90000000248028,1.8422508,0.5949472
13.950000002490466,1.8810784,0.62097204
14.000000002500652,1.8240919,0.52460134
14.050000002510838,1.8290188,0.6356383
14.100000002521025,1.7337376,0.4557557
14.150000002531211,1.7999734,0.49585494
14.200000002541397,1.7624798,0.62695915
14.250000002551584,1.8802366,0.7115725
14.30000000256177,1.7897835,0.862366
14.350000002571957,1.777427,0.66118175
14.400000002582143,1.8091621,0.63285184
14.45000000259233,1.6875365,0.58841693
14.500000002602516,1.8280392,0.646816
14.550000002612702,1.8923842,0.5621467
14.600000002622888,1.8226755,0.7788794
14.650000002633075,1.8146347,0.6091663
14.700000002643261,1.8510722,0.7432549
14.750000002653447,1.939033,0.51851296
14.800000002663634,1.7690392,0.51132745
14.85000000267382,1.8566005,0.54386127
14.900000002684006,1.8732661,0.5907951
14.950000002694193,1.8494283,0.6277715
15.000000002704379,1.8322732,0.50828177
15.050000002714565,1.8559048,0.64898485
15.100000002724752,1.8123374,0.42701584
15.150000002734938,1.8824732,0.60574436
15.200000002745124,1.7270684,0.52882797
15.25000000275531,1.7252582,0.43784633
15.300000002765497,1.7410276,0.6576611
15.350000002775683,1.8676084,0.7571391
15.40000000278587,1.8093464,0.79422104
15.450000002796056,1.9084972,0.7128363
15.500000002806242,1.9191856,0.67662644
15.550000002816432,1.7297198,0.55704737
15.600000002826615,1.8338642,0.5910775
15.650000002836805,1.7305627,0.5780026
15.700000002846988,1.6699659,0.7010705
15.750000002857174,1.7108538,0.5053888
15.80000000286736,1.809001,0.63824445
15.850000002877547,1.7281295,0.80044246
15.900000002887733,1.7717924,0.538575
15.95000000289792,1.7850052,0.736253
16.000000002908106,1.8756888,0.5746103
16.050000002918292,1.8327734,0.5731588
16.10000000292848,1.909392,0.6198552
16.150000002938665,1.6887952,0.54880345
16.20000000294885,1.9389255,0.6500241
16.250000002959034,1.8872255,0.76846725
16.300000002969224,1.776325,0.8485002
16.350000002979407,1.815874,0.6390145
16.400000002989596,1.7215837,0.5288336
16.450000002999783,1.7571057,0.67647666
16.500000003009966,1.7770284,0.8407995
16.550000003020156,1.7546856,0.74755484
16.600000003030342,1.7893646,0.5223126
16.650000003040528,1.8113484,0.5359957
16.700000003050715,1.8062582,0.61006093
16.7500000030609,1.8512071,0.7196456
16.800000003071084,1.7371225,0.73738956
16.850000003081274,1.8525121,0.5989611
16.90000000309146,1.7871046,0.6118293
16.950000003101646,1.8201822,0.7022152
17.000000003111836,1.8118544,0.5394955
17.05000000312202,1.8906882,0.775772
17.100000003132205,1.8277199,0.6608752
17.150000003142395,1.9991224,0.66647935
17.200000003152578,1.9471164,0.64747
17.250000003162764,2.0431318,0.8088059
17.30000000317295,1.964859,0.5990059
17.350000003183137,1.9978924,0.6967082
17.400000003193323,2.0308602,0.69349045
17.45000000320351,1.8743334,0.6550002
17.500000003213696,1.9157093,0.50502896
17.550000003223882,1.9205962,0.6388302
17.600000003234072,1.861307,0.41245675
17.650000003244255,1.8818091,0.60682577
17.700000003254445,1.9486992,0.6369544
17.750000003264628,1.8337733,0.7227903
17.800000003274814,1.8818313,0.5000117
17.850000003285,1.8270133,0.48776215
17.900000003295187,1.9068156,0.5138972
17.950000003305373,2.01494,0.76316303
18.00000000331556,1.8566229,0.6653649
18.050000003325746,1.833887,0.5762624
18.100000003335932,1.855366,0.57727516
18.15000000334612,1.8913493,0.71838975
18.200000003356305,1.8570269,0.7038685
18.25000000336649,1.8948703,0.43517682
18.300000003376674,1.9445257,0.6320956
18.350000003386864,1.9239123,0.6816357
18.400000003397047,1.924237,0.5772261
18.450000003407236,1.9654527,0.60927147
18.500000003417423,2.0116706,0.5797427
18.550000003427606,2.0021212,0.66737527
18.600000003437795,1.8838006,0.69451463
18.650000003447982,1.9103736,0.4910444
18.700000003458168,1.8251195,0.7303356
18.750000003468354,1.8799927,0.83552295
18.80000000347854,2.0001433,0.72012997
18.850000003488724,1.9346664,0.6275174
18.900000003498914,1.9526076,0.71687186
18.9500000035091,1.874022,0.6778277
19.000000003519286,1.8788623,0.67792666
19.050000003529476,1.805843,0.62000424
19.10000000353966,1.8906223,0.5566781
19.150000003549845,1.8563538,0.5125994
19.200000003560035,1.9632257,0.60237217
19.250000003570218,1.8839997,0.51152563
19.300000003580404,1.9472446,0.66587985
19.35000000359059,1.8407351,0.74896085
19.400000003600777,1.8017087,0.8087487
19.450000003610963,1.7458308,0.60467327
19.50000000362115,1.9415238,0.874562
19.550000003631336,1.9840817,0.46226466
19.600000003641522,2.075281,0.59233415
19.650000003651712,2.0324597,0.740487
19.700000003661895,1.9772245,0.6894909
19.750000003672085,2.069652,0.6451436
19.800000003682268,1.8695259,0.76416796
19.850000003692454,1.8529167,0.89099956
19.90000000370264,1.9143386,0.5721648
19.950000003712827,1.8657336,0.7654539
20.000000003723013,1.9511563,0.69870085
20.0500000037332,1.8672292,0.9127383
20.100000003743386,1.8166996,0.5863519
20.150000003753572,1.7987232,0.5206381
20.20000000376376,1.7717456,0.55951095
20.250000003773945,1.8569372,0.7212424
20.30000000378413,1.7695571,0.57115865
20.350000003794314,1.8277656,0.5976112
20.400000003804504,1.8324325,0.7435295
20.450000003814687,1.8751777,0.6194127
20.500000003824876,1.8841101,0.7875948
20.550000003835063,1.9267037,0.62449676
20.600000003845246,1.9209433,0.604932
20.650000003855435,1.9129454,0.76054996
20.700000003865622,1.7844915,0.7228954
20.750000003875808,1.7831136,0.65203375
20.800000003885994,1.8456173,0.6598146
20.85000000389618,1.81282,0.70081115
20.900000003906364,1.8716862,0.6719192
20.950000003916553,1.8767989,0.71426463
21.00000000392674,1.812889,0.8481366
21.050000003936926,1.7965447,0.62955385
21.100000003947116,1.675694,0.6724845
21.1500000039573,1.7812902,0.69666976
21.200000003967485,1.7589306,0.7096182
21.250000003977675,1.6928115,0.60365963
21.300000003987858,1.7248477,0.6945876
21.350000003998044,1.747405,0.49687865
21.40000000400823,1.7580302,0.8087414
21.450000004018417,1.7714398,0.7212507
21.500000004028603,1.7500733,0.76303416
21.55000000403879,1.7229141,0.62750554
21.600000004048976,1.7708046,0.7234311
21.650000004059162,1.6791215,0.8062446
21.700000004069352,1.7863584,0.7517589
21.750000004079535,1.804966,0.6958586
21.800000004089725,1.8363616,0.5254755
21.850000004099908,1.7579591,0.5235351
21.900000004110094,1.7931788,0.6639346
21.95000000412028,1.828791,0.6378335
22.000000004130467,1.8310677,0.625031
22.050000004140653,1.8179379,0.72056025
22.10000000415084,1.7730854,0.6526984
22.150000004161026,1.8141065,0.72029763
22.200000004171212,1.842997,0.7975611
22.2500000041814,1.8002975,0.71618557
22.300000004191585,1.8004595,0.5151107
22.35000000420177,1.6912112,0.53219014
22.400000004211954,1.9261198,0.6792793
22.450000004222144,1.8470163,0.6080572
22.500000004232326,1.8159658,0.59001267
22.550000004242516,1.7910169,0.7377512
22.600000004252703,1.7449714,0.64087725
22.65000000426289,1.8828052,0.64077497
22.700000004273075,1.7870579,0.75653267
22.750000004283258,1.8976827,0.7789023
22.800000004293448,1.9303114,0.84437543
22.850000004303634,1.8850166,0.7119536
22.90000000431382,1.8832254,0.72975385
22.950000004324004,1.8995696,0.60178065
23.000000004334193,1.925276,0.628969
23.05000000434438,1.8566453,0.7552927
23.100000004354566,1.8939687,0.5728545
23.150000004364756,1.8100832,0.7423601
23.20000000437494,1.885768,0.6874455
23.250000004385125,1.8391273,0.6242485
23.300000004395315,1.8061429,0.5063608
23.350000004405498,1.7566078,0.66082335
23.400000004415684,1.7540207,0.65342176
23.45000000442587,1.7998114,0.6477277
23.500000004436057,1.7769581,0.7076541
23.550000004446243,1.7529039,0.7326904
23.60000000445643,1.7772628,0.66747576
23.650000004466616,1.8551638,0.91902006
23.700000004476802,1.6784763,0.8254716
23.750000004486992,1.8157822,0.70106417
23.800000004497175,1.8546473,0.80079246
23.850000004507365,1.8908424,0.7482263
23.900000004517548,1.8599861,0.6858266
23.950000004527734,1.8650188,0.73343843
24.00000000453792,1.9397849,0.61409736
24.050000004548107,1.791296,0.5444226
24.100000004558293,1.8862097,0.5893127
24.15000000456848,1.7546618,0.6799305
24.200000004578666,1.8180981,0.6530568
24.250000004588852,1.793388,0.5442584
24.30000000459904,1.6659445,0.6524975
24.350000004609225,1.7118276,0.5183146
24.40000000461941,1.7701458,0.683694
24.450000004629594,1.7912726,0.6455592
24.500000004639784,1.8548045,0.61876523
24.550000004649966,1.7951758,0.6067644
24.600000004660156,1.83475,0.7746552
24.650000004670343,1.8923402,0.73385686
24.70000000468053,1.7808459,0.47052997
24.750000004690715,1.7973096,0.71079314
24.800000004700898,1.7612739,0.70985544
24.850000004711088,1.7555876,0.60933757
24.900000004721274,1.8471968,0.7626063
24.95000000473146,1.8124522,0.66252136
25.000000004741647,1.9951797,0.7558726
25.050000004751837,1.9792461,0.61934775
25.10000000476202,1.8748444,0.7931471
25.150000004772206,1.805866,0.6114078
25.200000004782396,1.7186773,0.6661036
25.25000000479258,1.8678985,0.66217715
25.300000004802765,1.8903136,0.49930486
25.350000004812955,1.8771319,0.65162456
25.400000004823138,1.9440972,0.67176396
25.450000004833324,1.7848651,0.8111864
25.50000000484351,1.8804803,0.60320276
25.550000004853697,1.837745,0.7666326
25.600000004863883,1.7946421,0.90835243
25.65000000487407,1.8497211,0.708456
25.700000004884256,1.6821458,0.8446684
25.750000004894442,1.7325115,0.73437446
25.800000004904632,1.8337733,0.7374381
25.850000004914815,1.7630234,0.68551147
25.900000004925005,1.8549392,0.5741952
25.950000004935188,1.9192725,0.4508346
26.000000004945374,1.7949669,0.7338751
26.05000000495556,1.862918,0.6946584
26.100000004965747,1.8607249,0.57573724
26.150000004975933,1.9331152,0.6618801
26.20000000498612,1.8751556,0.5152235
26.250000004996306,1.8690579,0.7740528
26.300000005006492,1.7834407,0.73171353
26.35000000501668,1.8235896,0.753863
26.400000005026865,1.8463396,0.7889199
26.45000000503705,1.9247568,0.76003647
26.500000005047234,1.8584173,0.80329126
26.550000005057424,1.8828052,0.8229151
26.600000005067606,1.8002511,0.7347071
26.650000005077796,1.9361519,0.85934037
26.700000005087983,1.9599125,0.7901863
26.75000000509817,1.9399567,0.71610445
26.800000005108355,1.9183172,0.8234472
26.850000005118538,1.8343185,0.8409998
26.900000005128728,1.8688796,0.8600458
26.950000005138914,1.9869983,0.6486105
27.0000000051491,1.9046075,0.73249924
27.050000005159287,1.8068578,0.793887
27.100000005169477,1.8365657,0.73004174
27.15000000517966,1.9009728,0.82726395
27.200000005189846,1.8037885,0.65517306
27.250000005200036,1.8403502,0.625772
27.30000000521022,1.8002281,0.75213546
27.350000005220405,1.8742443,0.695203
27.400000005230595,1.8256217,0.7298784
27.450000005240778,2.0129955,0.64225924
27.500000005250964,1.9977881,0.61629915
27.55000000526115,1.9293832,0.5221899
27.600000005271337,1.9671266,0.7490364
27.650000005281523,1.9830105,0.80274016
27.70000000529171,1.9528852,0.8212275
27.750000005301896,2.0283148,0.7698428
27.800000005312082,1.9011921,0.7085906
27.850000005322272,1.9469665,0.6945833
27.900000005332455,1.9202708,0.5194117
27.950000005342645,1.8898067,0.6301666
28.000000005352828,1.9220924,0.8682281
28.050000005363014,2.0237293,0.8225528
28.1000000053732,2.0058424,0.7096685
28.150000005383387,1.9335032,0.8361059
28.200000005393573,1.915122,0.8543422
28.25000000540376,1.9349033,0.89651316
28.300000005413946,1.915209,0.64851856
28.350000005424132,1.873533,0.5996175
28.40000000543432,1.8895862,0.6801102
28.450000005444505,1.8717308,0.6354648
28.50000000545469,1.8523996,0.7174038
28.550000005464874,1.9115944,0.43109316
28.600000005475064,1.8274921,0.58491427
28.650000005485246,1.7841182,0.79384005
28.700000005495436,1.962398,0.86974907
28.750000005505623,1.8229725,0.56595093
28.80000000551581,1.7622672,0.73150575
28.850000005525995,1.7843282,0.5865348
28.900000005536178,1.8594482,0.75462556
28.950000005546368,1.7840947,0.7911437
29.000000005556554,1.8221269,0.6800795
29.05000000556674,1.6706144,0.80140066
29.100000005576927,1.7282499,0.688496
29.150000005587117,1.7869413,0.6562344
29.2000000055973,1.7855885,0.7043213
29.250000005607486,1.8143362,0.7312042
29.300000005617676,1.7046819,0.6254147
29.35000000562786,1.7656918,0.6319117
29.400000005638045,1.7657862,0.7931772
29.450000005648235,1.8678092,0.7907462
29.500000005658418,1.9359581,0.7560322
29.550000005668604,1.7491447,0.98491156
29.60000000567879,1.8251652,0.9083852
29.650000005688977,1.8303396,0.6124451
29.700000005699163,1.8602996,0.663225
29.750000005709353,1.8385835,0.73390555
29.800000005719536,1.7515963,0.7276722
29.850000005729722,1.7435622,0.6462606
29.900000005739912,1.8024716,0.7601169
29.950000005750095,1.7103912,0.5602376
30.000000005760285,1.755113,0.6367017
30.050000005770467,1.8174793,0.5334347
30.100000005780654,1.8163098,0.8212911
30.15000000579084,1.8190603,0.67927057
30.200000005801027,1.8281987,0.78666335
30.25000000581121,1.8799485,0.92071605
30.300000005821396,1.7031413,0.63987905
30.350000005831582,1.9215505,0.60917366
30.40000000584177,1.9065751,0.55062234
30.450000005851955,1.8420019,0.6952373
30.50000000586214,1.8633426,0.7882926
30.550000005872327,1.8746222,0.74447685
30.600000005882514,1.8117855,0.7677999
30.6500000058927,1.8205713,0.7191962
30.700000005902886,1.9001399,0.7696318
30.750000005913073,1.774471,0.6325363
30.80000000592326,1.9112675,0.6830049
30.850000005933445,1.8448045,0.6373683
30.90000000594363,1.7971474,0.6976593
30.950000005953818,1.8518372,0.71013665
31.000000005964004,1.7802141,0.6933078
31.05000000597419,1.687808,0.4674257
31.100000005984377,1.7896205,0.713626
31.150000005994563,1.8682998,0.7473575
31.20000000600475,1.8555231,0.5295488
31.250000006014936,1.8653986,0.6812333
31.300000006025122,1.7695571,0.8836221
31.35000000603531,1.7623144,0.6831184
31.400000006045495,1.9119214,0.61535543
31.45000000605568,1.8693923,0.8538345
31.500000006065868,1.8059354,0.87776786
31.550000006076054,1.793806,0.61514235
31.60000000608624,1.8110265,0.7081214
31.650000006096427,1.8049891,0.8697696
31.700000006106613,1.8935506,1.0605781
31.7500000061168,1.8690133,0.6961691
31.800000006126986,1.8755331,0.8453808
31.850000006137172,1.8696597,0.8457297
31.90000000614736,1.9356352,0.95357466
31.950000006157545,1.8733773,0.6530225
32.00000000616773,1.8420924,0.7089437
32.05000000617792,1.8087015,0.90268666
32.100000006188104,1.8408933,0.8042609
32.15000000619829,1.8430196,0.7871917
32.20000000620848,1.8376769,0.8036659
32.25000000621866,1.8463396,0.8144277
32.30000000622885,1.9208565,0.7455249
32.350000006239036,1.813762,0.7810097
32.40000000624922,1.825462,0.724705
32.45000000625941,1.8171353,0.8182573
32.500000006269595,1.7925979,0.54622066
32.55000000627978,1.7998577,0.45649076
32.60000000628997,1.873066,0.64308465
32.650000006300154,1.9306785,0.89461297
32.70000000631034,1.8247771,0.69796896
32.750000006320526,1.8574083,0.6026343
32.80000000633071,1.8840438,0.6898841
32.8500000063409,1.8987579,0.66516787
32.900000006351085,1.9600825,0.7519353
32.950000006361286,1.882451,0.737941
33.00000000637146,1.8491579,0.62875575
33.050000006381644,1.9962652,0.49736124
33.10000000639183,1.9378508,0.69012594
33.15000000640202,1.8887701,0.71264184
33.2000000064122,1.9335032,0.50367284
33.25000000642239,2.0765252,0.50319624
33.300000006432576,1.8880643,0.62438935
33.35000000644276,1.9887588,0.5086715
33.40000000645295,1.9211818,0.56057525
33.450000006463135,1.9630347,0.6581503
33.50000000647332,1.9119432,0.69285846
33.55000000648351,1.9425535,0.5463734
33.600000006493694,1.9503448,0.4926108
33.65000000650388,1.9549108,0.81166387
33.70000000651407,1.9579558,0.764969
33.75000000652425,1.993404,0.66368765
33.800000006534454,1.9873548,0.58540064
33.850000006544626,2.058834,0.53162146
33.90000000655481,1.9911455,0.66077375
33.950000006565,1.8420019,0.6877078
34.000000006575185,1.9184692,0.7471501
34.05000000658537,1.90417,0.85754025
34.10000000659556,1.8392633,0.6561231
34.150000006605744,1.8311815,0.7601717
34.20000000661593,1.8772871,0.77545494
34.25000000662612,1.9605713,0.7176966
34.3000000066363,1.9574664,0.698703
34.35000000664649,1.8444657,0.6944203
34.400000006656676,1.9680159,0.649953
34.45000000666686,1.875289,0.6938685
34.50000000667705,1.8798376,0.72603214
34.550000006687235,1.7946421,0.76596564
34.600000006697435,1.835431,0.76094174
34.65000000670761,1.87833,0.58553046
34.700000006717794,1.8503742,0.6006355
34.750000006727994,1.8563312,0.55777186
34.800000006738166,1.9437327,0.6719968
34.85000000674835,1.9083443,0.72411263
34.90000000675854,1.9778143,0.8096879
34.950000006768725,1.970449,0.8926838
35.000000006778926,1.9101336,0.586898
35.0500000067891,1.9339986,0.79252875
35.100000006799284,1.9974961,0.7644487
35.150000006809485,1.8687235,0.7062144
35.20000000681966,1.9226124,0.6039459
35.25000000682984,1.9038855,0.6113761
35.30000000684003,1.9429181,0.76113164
35.350000006850216,1.8394898,0.54220384
35.4000000068604,1.9615486,0.60567296
35.45000000687059,1.8845966,0.97876793
35.500000006880775,1.9539727,0.70874405
35.55000000689096,2.0203295,0.7134986
35.60000000690115,1.9367111,0.683548
35.650000006911334,1.9196632,0.6688005
35.70000000692152,1.9129235,0.6999708
35.75000000693171,1.9489557,0.74980587
35.80000000694189,1.9147086,0.5526645
35.85000000695207,1.9579984,0.6686846
35.900000006962266,1.9139252,0.7628584
35.95000000697245,1.9508785,0.8871346
36.00000000698264,1.9493403,0.7149612
36.050000006992825,1.9826953,0.6538093
36.10000000700301,1.9084098,0.81555396
36.1500000070132,1.963926,0.7171026
36.200000007023384,1.9485922,0.70689565
36.25000000703357,1.9906641,0.8156873
36.30000000704376,1.8375636,0.8725048
36.35000000705394,1.870417,0.6276148
36.40000000706412,1.8337733,0.62590057
36.450000007074316,1.9011921,0.8174738
36.5000000070845,1.9140992,0.66324294
36.55000000709469,1.940064,0.68493736
36.600000007104875,1.9814973,0.7701621
36.65000000711506,1.9159485,0.59737676
36.70000000712525,1.8975289,0.76904684
36.750000007135434,1.9450612,0.7514873
36.80000000714562,1.941438,0.6258887
36.850000007155806,1.9619097,0.69674885
36.90000000716599,2.0465345,0.8643819
36.95000000717618,1.8506894,0.5469213
37.000000007186365,1.9266605,0.8208645
37.050000007196566,1.9540367,0.8131697
37.10000000720674,1.8749334,0.6856289
37.150000007216924,1.8972874,0.7292902
37.200000007227125,1.8882407,0.5991427
37.2500000072373,1.8877112,0.8986614
37.30000000724748,1.9735335,0.6643272
37.350000007257684,1.891151,0.73304623
37.400000007267856,1.8744888,0.73079854
37.45000000727804,1.8993504,0.544398
37.50000000728823,1.8729991,0.61398095
37.550000007298415,1.9822539,0.8329579
37.6000000073086,1.8893435,0.7311737
37.65000000731879,2.012416,0.5212016
37.700000007328974,1.9414164,0.5930834
37.75000000733916,1.9531622,0.7642401
37.80000000734935,1.8946505,0.7484354
37.85000000735953,1.9202056,0.67611086
37.900000007369734,1.9274604,0.7671145
37.950000007379906,1.9273092,0.6994469
38.00000000739009,1.9477369,0.62062156
38.05000000740028,1.9615698,0.56867474
38.100000007410465,2.0603106,0.59710974
38.15000000742065,1.973069,0.6112932
38.20000000743084,1.9810556,0.49427176
38.250000007441024,1.968397,0.70950264
38.30000000745121,1.9215505,0.6252598
38.3500000074614,1.8812335,0.8175212
38.40000000747158,1.9500456,0.7527533
38.45000000748177,1.9741668,0.7484015
38.500000007491956,2.040459,0.78712916
38.55000000750214,1.9432182,0.686795
38.60000000751233,1.8880421,0.68044096
38.650000007522515,2.1041691,0.55310655
38.700000007532715,2.109054,0.57049036
38.75000000754289,1.978425,0.5881281
38.80000000755307,2.0501752,0.7842065
38.850000007563274,2.036719,0.6787263
38.900000007573446,2.0885882,0.5585407
38.95000000758363,1.9591045,0.62140864
39.00000000759382,1.9879626,0.6526984
39.050000007604005,1.9824852,0.76155055
39.100000007614206,1.985383,0.60442436
39.15000000762438,1.9027255,0.61295587
39.200000007634564,2.023832,0.7115097
39.250000007644765,1.8997452,0.57620037
39.30000000765494,2.0520236,0.5051853
39.35000000766512,2.0618672,0.5951325
39.40000000767531,2.002454,0.52738047
39.450000007685496,2.0469007,0.5736915
39.50000000769568,2.0156224,0.66032475
39.55000000770587,2.0042632,0.8716812
39.600000007716055,2.0831957,0.62151176
39.65000000772624,1.9735968,0.60666615
39.70000000773643,2.1554399,0.43102747
39.750000007746614,2.0009348,0.5775048
39.8000000077568,1.9168398,0.6463666
39.85000000776699,1.9798145,0.76970726
39.90000000777717,2.0573766,0.7329811
39.95000000778735,2.04627,0.6585351
40.000000007797546,1.9058102,0.6126057
40.05000000780773,2.0188854,0.5804132
40.10000000781792,1.9797093,0.51930267
40.150000007828105,1.9522022,0.7644175
40.20000000783829,2.0015593,0.62778807
40.25000000784848,2.0220404,0.60372627
40.300000007858664,1.958275,0.5209786
40.35000000786885,2.0834155,0.42474154
40.400000007879036,2.0570931,0.4780701
40.45000000788922,2.0005808,0.60931796
40.5000000078994,1.9669997,0.62302756
40.550000007909595,1.9403002,0.7606969
40.60000000791978,1.9904549,0.5978181
40.65000000792997,2.0444977,0.74419254
40.700000007940154,2.1256218,0.72562766
40.75000000795034,2.1504278,0.90793073
40.80000000796053,2.113021,0.74487096
40.85000000797071,2.0929923,0.4584549
40.9000000079809,2.12423,0.60428625
40.950000007991086,2.1860902,0.64211303
41.00000000800127,2.0872514,0.6654836
41.05000000801146,2.0479794,0.55833524
41.100000008021645,2.0870118,0.67621225
41.150000008031846,2.0899644,0.7284868
41.20000000804202,1.9974544,0.7718455
41.250000008052204,1.9733646,0.7806146
41.300000008062405,1.9262928,0.55422074
41.35000000807258,1.8930886,0.86315536
41.40000000808276,1.9150132,0.641744
41.450000008092964,1.9902456,0.48498952
41.500000008103136,1.8829601,0.7586274
41.55000000811332,1.8623139,0.56151545
41.60000000812351,1.8702389,0.6071498
41.650000008133695,1.9017837,0.6607015
41.70000000814388,1.9289513,0.66855097
41.75000000815407,1.9192944,0.48234302
41.800000008164254,1.8937266,0.8126051
41.85000000817444,1.9097847,0.8070242
41.90000000818463,2.0385184,0.40491664
41.95000000819481,1.955486,0.73470914
42.000000008205014,1.9333524,0.7615055
42.050000008215186,1.9718229,0.62606245
42.10000000822537,1.9622706,0.69282836
42.15000000823556,1.9736601,0.64688975
42.200000008245745,1.9403433,0.66124034
42.25000000825593,1.905198,0.6028865
42.30000000826612,2.0257046,0.5679563
42.350000008276304,1.9753271,0.78123474
42.40000000828649,2.034304,0.55354816
42.450000008296676,1.9548893,0.62941664
42.50000000830686,2.0014136,0.7723068
42.55000000831705,1.9705124,0.6081405
42.600000008327235,1.9929231,0.66175395
42.65000000833742,2.0548842,0.61207765
42.70000000834761,1.9399136,0.47585192
42.750000008357794,2.0120847,0.6142696
42.800000008367995,2.0276163,0.62626475
42.85000000837817,1.9812869,0.57193035
42.90000000838835,1.9426394,0.60224104
42.95000000839854,2.047369,0.5743016
43.000000008408726,1.9400425,0.63384
43.05000000841891,2.00908,0.6587659
43.1000000084291,1.9838928,0.58018726
43.150000008439285,2.0206594,0.70625037
43.200000008449486,1.9135115,0.5766889
43.25000000845966,1.8642817,0.58774793
43.300000008469844,1.9362593,0.5482439
43.350000008480045,1.8916355,0.4043753
43.40000000849022,1.8365657,0.3907051
43.4500000085004,1.9265523,0.66859996
43.50000000851059,1.8118775,0.39568484
43.550000008520776,1.7142596,0.7505131
43.60000000853096,1.8512297,0.65500253
43.65000000854115,1.929232,0.53657925
43.700000008551335,2.039213,0.60611814
43.75000000856152,2.0850546,0.5597586
43.80000000857171,2.0703564,0.53949004
43.850000008581894,2.0038476,0.6841146
43.90000000859208,1.8797047,0.7201486
43.95000000860227,1.9578494,0.64873683
44.00000000861245,1.9681642,0.5060665
44.05000000862263,1.9943235,0.52077836
44.100000008632826,2.0188236,0.7176738
44.15000000864301,1.9262713,0.6120362
44.2000000086532,1.9102428,0.68470454
44.250000008663385,1.9663852,0.42325494
44.30000000867357,1.8666043,0.78910124
44.35000000868376,1.8489552,0.5938893
44.400000008693944,1.8879318,0.4975799
44.45000000870413,1.9096102,0.5718209
44.500000008714316,1.9348388,0.62714213
44.5500000087245,1.93318,0.7177423
44.60000000873468,1.9013236,0.5284136
44.650000008744875,1.9382808,0.61380374
44.70000000875506,1.9313473,0.56229514
44.75000000876525,1.8521748,0.66912794
44.800000008775434,2.0004141,0.44004613
44.85000000878562,1.9298368,0.66544557
44.90000000879581,1.9198369,0.5371232
44.95000000880599,1.8199303,0.5401084
45.00000000881617,1.8902254,0.5233671
45.050000008826366,1.8451884,0.6403306
45.10000000883655,1.8500139,0.65849894
45.15000000884674,1.8546698,0.510998
45.200000008856925,1.8825617,0.569476
45.250000008867126,1.9362378,0.5694812
45.3000000088773,1.8776423,0.49721444
45.350000008887484,1.8282213,0.51147604
45.400000008897685,1.9036229,0.54984784
45.45000000890786,1.9595511,0.4463035
45.50000000891804,1.97121,0.51980746
45.550000008928244,1.9588706,0.42292386
45.600000008938416,2.0931714,0.46746075
45.6500000089486,1.9806771,0.5584126
45.70000000895879,1.8986483,0.43340293
45.750000008968975,1.999289,0.5787935
45.80000000897916,1.9867467,0.5377886
45.85000000898935,1.9579984,0.57498616
45.900000008999534,1.9144258,0.464291
45.95000000900972,1.9632683,0.44483536
46.00000000901991,1.9071214,0.5021261
46.05000000903009,1.8800592,0.561266
46.10000000904029,1.9311099,0.6129753
46.150000009050466,1.9285192,0.42543912
46.20000000906065,1.8669615,0.6262909
46.25000000907084,1.9134026,0.4675532
46.300000009081025,2.0322754,0.4345429
46.35000000909121,1.9717171,0.59187865
46.4000000091014,1.9760861,0.5070431
46.450000009111584,1.8705953,0.5478605
46.50000000912177,1.8136702,0.5185647
46.550000009131956,1.930549,0.48014462
46.60000000914214,1.8836237,0.5814546
46.65000000915233,1.8697264,0.44199908
46.700000009162515,1.8668722,0.5527858
46.750000009172716,1.9246918,0.57368886
46.80000000918289,1.9779407,0.55238134
46.850000009193074,1.9605713,0.53660697
46.900000009203275,1.9962652,0.5222156
46.95000000921345,2.0734332,0.4776616
47.00000000922363,2.1465302,0.56972975
47.05000000923382,2.1292057,0.65081906
47.100000009244006,2.0130162,0.4379824
47.15000000925419,1.9762338,0.54680413
47.20000000926438,2.0452108,0.6057369
47.250000009274565,1.9635441,0.5376002
47.300000009284766,2.0070677,0.60293096
47.35000000929494,2.064351,0.5368152
47.400000009305124,2.0485487,0.63121563
47.450000009315325,1.948806,0.4090248
47.5000000093255,2.0305934,0.6668682
47.55000000933568,2.0199583,0.5210873
47.60000000934587,2.0439882,0.627648
47.650000009356056,1.9836617,0.6488195
47.70000000936624,2.0271025,0.6094745
47.75000000937643,2.0184522,0.5150037
47.800000009386615,2.102208,0.59981877
47.8500000093968,2.08793,0.53091747
47.90000000940699,2.049728,0.4624999
47.950000009417174,2.0458014,0.45142257
48.00000000942736,2.0579436,0.53762513
48.05000000943755,2.1545892,0.40756497
48.10000000944773,2.0336688,0.439175
48.15000000945791,2.24812,0.5509308
48.200000009468106,2.185156,0.4482524
48.25000000947829,2.1720757,0.5427093
48.30000000948848,2.1705408,0.67718333
48.350000009498665,2.1822753,0.5099676
48.40000000950885,2.1924653,0.48185158
48.45000000951904,2.1906974,0.6494921
48.500000009529224,2.2489355,0.6655038
48.55000000953941,2.3284125,0.6405052
48.600000009549596,2.2380347,0.46331432
48.65000000955978,2.0866325,0.6376184
48.70000000956996,2.2485094,0.53563696
48.750000009580155,2.2170873,0.48814696
48.80000000959034,2.1845648,0.58238673
48.85000000960053,2.2687993,0.48374355
48.900000009610714,2.227735,0.5914556
48.9500000096209,2.1110287,0.55364776
49.00000000963109,2.1439667,0.43552935
49.05000000964127,2.2232234,0.4644258
49.10000000965145,2.2258642,0.55086046
49.150000009661646,2.1709056,0.46193573
49.20000000967183,2.2177637,0.54598874
49.25000000968202,2.282512,0.40570706
49.300000009692205,2.124975,0.37756646
49.350000009702406,2.1557877,0.540613
49.40000000971258,2.1886995,0.6768092
49.450000009722764,2.2806494,0.47297794
49.500000009732965,2.1734564,0.7290531
49.55000000974314,2.1358676,0.53905344
49.60000000975332,1.9615061,0.53319716
49.650000009763524,1.9741457,0.5491509
49.700000009773696,2.00524,0.7066637
49.75000000978388,2.0130162,0.50609297
49.80000000979407,2.0913792,0.5410676
49.850000009804255,2.1653905,0.6212791
49.90000000981444,2.2302585,0.4725871
49.95000000982463,2.041602,0.5562148
50.000000009834814,2.0705981,0.59213793
50.050000009845,2.1144793,0.5362458
50.10000000985519,2.1574492,0.4185784
50.15000000986537,2.10937,0.6275269
50.20000000987557,2.244448,0.5958507
50.250000009885746,2.182867,0.4880584
50.30000000989593,2.1899555,0.5592766
50.35000000990612,2.1131392,0.37453115
50.400000009916305,2.037312,0.5247121
50.45000000992649,2.0861533,0.43882537
50.50000000993668,2.0638463,0.48974392
50.550000009946864,2.0306962,0.5490858
50.60000000995705,1.9594023,0.5745662
50.650000009967236,2.0686655,0.5777447
50.70000000997742,1.9967453,0.33286494
50.75000000998761,2.1240923,0.3320582
50.800000009997795,2.0145266,0.4161076
50.850000010007996,2.0587935,0.36474314
50.90000001001817,1.9965992,0.6183388
50.950000010028354,2.0271642,0.5080619
51.000000010038555,2.1068997,0.47400075
51.05000001004873,2.0493622,0.44248763
51.10000001005891,2.0183077,0.5906639
51.1500000100691,1.9685452,0.5298414
51.200000010079286,1.9695818,0.47779262
51.25000001008947,1.9322531,0.5042317
51.30000001009966,1.9912082,0.48230287
51.350000010109845,1.9700049,0.5265293
51.400000010120046,1.9777721,0.46612
51.45000001013022,2.0945442,0.5258242
51.500000010140404,1.9251895,0.46249348
51.550000010150605,1.9957852,0.35174894
51.60000001016078,1.9747998,0.6391125
51.65000001017096,2.0048869,0.3601343
51.70000001018115,2.0124989,0.5015471
51.750000010191336,2.0476334,0.537833
51.80000001020152,2.1388109,0.5053976
51.85000001021171,1.9587004,0.69482565
51.900000010221895,2.132158,0.5223383
51.95000001023208,2.0813348,0.59467417
52.00000001024227,1.9802563,0.52837414
52.050000010252454,2.1198318,0.3776967
52.10000001026264,2.163774,0.42957997
52.15000001027283,2.1230135,0.6386833
52.20000001028301,2.1477137,0.5060488
52.25000001029319,2.0897648,0.55262405
52.300000010303386,2.1688318,0.47248936
52.35000001031357,2.0414796,0.56153935
52.40000001032376,2.0303473,0.5042819
52.450000010333945,2.0473077,0.4367525
52.50000001034413,2.094246,0.633612
52.55000001035432,2.019917,0.46516317
52.600000010364504,1.9712522,0.5875857
52.65000001037469,2.0615842,0.41128096
52.700000010384876,2.0531602,0.46345904
52.75000001039506,1.9805298,0.45552674
52.80000001040525,2.067779,0.5234838
52.850000010415435,2.0164282,0.62455404
52.90000001042562,1.9494473,0.5983039
52.95000001043581,2.0943651,0.6634631
53.000000010445994,2.0577006,0.5984758
53.05000001045618,2.1466854,0.4452706
53.10000001046637,2.1094096,0.45522243
53.15000001047655,2.0661466,0.5804517
53.20000001048673,2.039642,0.6971679
53.250000010496926,1.9823382,0.53726745
53.30000001050711,1.9600188,0.54334867
53.3500000105173,2.1100416,0.500113
53.400000010527485,2.0264037,0.6103857
53.450000010537686,2.1302032,0.37544906
53.50000001054786,2.0876107,0.4816629
53.550000010558044,2.0127888,0.3677782
53.600000010568245,2.132803,0.66445285
53.65000001057842,1.9525009,0.49914372
53.7000000105886,1.9514551,0.43339944
53.750000010598804,1.9244969,0.63317907
53.800000010608976,1.9677408,0.5820591
53.85000001061916,1.8902034,0.3867684
53.90000001062935,1.9158398,0.445468
53.950000010639535,1.9506651,0.39845067
54.00000001064972,1.9655163,0.40042785
54.05000001065991,1.8849062,0.39557186
54.100000010670094,1.937722,0.62992775
54.15000001068028,1.9144474,0.59444606
54.20000001069047,1.8166996,0.58621716
54.25000001070065,1.8420472,0.52094424
54.30000001071085,1.9535888,0.5905605
54.350000010721025,1.9772666,0.51443624
54.40000001073121,1.9927769,0.4134455
54.4500000107414,2.0659046,0.5066815
54.500000010751585,2.0091007,0.429469
54.55000001076177,1.9799616,0.48842466
54.60000001077196,1.9520316,0.671826
54.65000001078214,1.9811188,0.5140769
54.70000001079233,1.925514,0.5679012
54.750000010802516,1.9620371,0.46088618
54.8000000108127,1.8813,0.60044944
54.85000001082289,2.0657432,0.47695607
54.900000010833075,2.0321522,0.45236564
54.950000010843276,2.0680814,0.5841061
55.00000001085345,2.0546613,0.3775428
55.050000010863634,2.0475926,0.6102539
55.100000010873835,2.028397,0.48237395
55.15000001088401,2.0590568,0.4113498
55.20000001089419,2.0708594,0.52048635
55.25000001090438,2.054276,0.46246445
55.300000010914566,2.0398054,0.56433463
55.35000001092475,2.024079,0.53275543
55.40000001093494,1.9140556,0.43605253
55.450000010945125,1.8619561,0.4576644
55.500000010955326,1.9170136,0.40215823
55.5500000109655,1.9363238,0.6316122
55.600000010975684,1.922049,0.44851828
55.650000010985885,2.033464,0.4787242
55.70000001099606,1.9418457,0.48383904
55.75000001100624,2.059178,0.5933898
55.80000001101643,2.0147333,0.3929868
55.850000011026616,2.1016333,0.37985647
55.9000000110368,2.065501,0.6064057
55.95000001104699,2.0645933,0.47195292
56.000000011057175,1.9442043,0.51547503
56.05000001106736,1.9910408,0.6928197
56.10000001107755,1.946346,0.5514066
56.150000011087734,2.0529776,0.52290285
56.20000001109792,1.8865409,0.6807169
56.250000011108106,2.0178742,0.3089609
56.30000001111829,1.9554646,0.7280939
56.35000001112847,1.9860755,0.58757555
56.400000011138665,2.0868921,0.36424848
56.45000001114885,2.0777287,0.49662367
56.50000001115904,2.0484676,0.3952704
56.550000011169224,2.0338326,0.60755956
56.60000001117941,2.0952203,0.6742172
56.6500000111896,2.0784905,0.35069254
56.70000001119978,2.1128829,0.41812602
56.75000001120996,2.029547,0.35798874
56.800000011220156,2.0849147,0.551566
56.85000001123034,2.0351639,0.59443855
56.90000001124053,2.1186326,0.709742
56.950000011250715,2.0193396,0.39468184
57.0000000112609,2.0502565,0.616524
57.05000001127109,2.1964712,0.41817233
57.100000011281274,2.0957372,0.54627526
57.15000001129146,1.9545697,0.4536682
57.20000001130165,2.0767057,0.5328757
57.25000001131183,2.1501567,0.5956756
57.30000001132201,2.1185346,0.42482224
57.350000011332206,2.1625605,0.34381813
57.40000001134239,2.0563638,0.5024643
57.45000001135258,2.1388109,0.44914907
57.500000011362765,2.0224113,0.48807368
57.550000011372966,2.0803938,0.37128645
57.60000001138314,1.9651347,0.40618792
57.650000011393324,2.0469823,0.4782384
57.700000011403525,2.054925,0.40777698
57.7500000114137,2.0478776,0.48017564
57.80000001142388,1.9733224,0.57348627
57.85000001143408,1.9879836,0.41169018
57.900000011444256,2.0548234,0.41318953
57.95000001145444,2.0374756,0.49115974
58.00000001146463,1.9335895,0.52463824
58.050000011474815,2.0060918,0.45573607
58.100000011485,1.9831996,0.48461762
58.15000001149519,1.9846065,0.32111222
58.200000011505374,2.1306336,0.48565271
58.25000001151556,2.0584497,0.4756734
58.300000011525746,2.0514956,0.40873325
58.35000001153593,1.9762127,0.42861804
58.40000001154613,2.002038,0.3876996
58.450000011556305,2.0170686,0.42561418
58.50000001156649,2.0661263,0.42440814
58.55000001157668,1.9222875,0.38083982
58.600000011586864,1.9599974,0.50089306
58.65000001159705,2.086972,0.4724547
58.70000001160724,2.041255,0.43492335
58.75000001161742,2.0554519,0.3563784
58.80000001162761,2.1342673,0.5812854
58.850000011637796,2.0189266,0.5017461
58.90000001164798,2.0843751,0.40949816
58.95000001165817,2.038641,0.53748655
59.000000011668355,2.0080636,0.43570724
59.050000011678556,1.9884026,0.45590934
59.10000001168873,2.0475318,0.43195647
59.150000011698914,2.0849748,0.31352353
59.200000011709115,2.036412,0.42433086
59.25000001171929,1.9959939,0.6066538
59.30000001172947,1.934494,0.36509025
59.35000001173966,1.8783743,0.64024454
59.400000011749846,1.9466455,0.54227805
59.45000001176003,2.0053024,0.6557119
59.50000001177022,1.9171224,0.5642924
59.550000011780405,2.012354,0.60147595
59.600000011790605,2.0493824,0.47717783
59.65000001180078,1.9245185,0.56210697
59.700000011810964,1.9064659,0.49451286
59.750000011821164,1.9574238,0.4942325
59.80000001183134,1.9589556,0.4695314
59.85000001184152,2.02889,0.5144565
59.90000001185171,2.0391722,0.44910926
59.950000011861896,2.0842552,0.47409192
60.00000001187208,2.035471,0.32965764
60.05000001188227,2.054357,0.43088228
60.100000011892455,1.9497037,0.40163916
60.15000001190264,1.9217455,0.52054936
60.20000001191283,1.9241288,0.4105956
60.250000011923014,1.9078205,0.4811986
60.3000000119332,1.9809084,0.31914794
60.350000011943386,1.9853622,0.43910712
60.40000001195357,1.9012358,0.50106853
60.45000001196375,2.0063202,0.5424841
60.500000011973945,1.9905176,0.5458386
60.55000001198413,2.0478776,0.43880162
60.60000001199432,1.9392908,0.49331212
60.650000012004504,2.0023916,0.5108114
60.70000001201469,1.9978092,0.45681703
60.75000001202488,1.9822961,0.46747354
60.80000001203506,1.9696243,0.48016325
60.85000001204524,1.9900571,0.51962966
60.900000012055436,2.046575,0.49394906
60.95000001206562,2.0116706,0.5586261
61.00000001207581,2.02554,0.51236385
61.050000012085995,1.996912,0.5069814
61.10000001209618,1.9906014,0.7564913
61.15000001210637,1.9610813,0.29749614
61.200000012116554,1.9868724,0.6069019
61.25000001212674,1.9065751,0.57170624
61.30000001213693,1.9236308,0.5700644
61.35000001214711,1.9628437,0.5368985
61.40000001215729,1.9593596,0.53110826
61.450000012167486,1.8408933,0.46415943
61.50000001217767,2.07092,0.32526642
61.55000001218786,1.9239988,0.39860398
61.600000012198045,1.9229376,0.35517636
61.650000012208245,1.9456608,0.37160337
61.70000001221842,1.9959521,0.37037027
61.750000012228604,1.9704278,0.52198726
61.800000012238804,1.9817076,0.35470617
61.85000001224898,2.0458422,0.38428697
61.90000001225916,1.9693916,0.3752625
61.95000001226936,2.0034108,0.68536806
62.000000012279536,1.9821279,0.506605
62.05000001228972,2.0566475,0.45328704
62.10000001229991,2.00031,0.463578
62.150000012310095,1.9928396,0.49164188
62.20000001232028,2.122346,0.67178607
62.25000001233047,2.0132232,0.33506468
62.300000012340654,1.9159049,0.50631374
62.35000001235084,2.0007265,0.62602437
62.400000012361026,1.9841237,0.69656277
62.45000001237121,1.9898479,0.5218274
62.50000001238141,1.8444206,0.5979577
62.550000012391585,1.9379585,0.5167656
62.60000001240177,1.8650413,0.38945597
62.65000001241196,1.9100028,0.58025914
62.700000012422144,1.9972041,0.6759036
62.75000001243233,2.017275,0.47707164
62.80000001244252,1.9381733,0.54995894
62.8500000124527,1.9450825,0.6493498
62.90000001246289,2.0054893,0.6677704
62.950000012473076,1.9554007,0.73456514
63.000000012432324,2.0466974,0.744961
63.05000001226061,1.9089336,0.66107357
63.1000000120889,2.0423772,0.814349
63.150000011917186,2.0528557,0.67128015
63.20000001174547,2.0407243,0.616258
63.25000001157376,2.0636444,0.6916616
63.30000001140205,2.033013,0.61977106
63.350000011230335,2.166545,0.6676677
63.40000001105862,2.0715234,0.5932944
63.45000001088691,1.9634379,0.5641762
63.5000000107152,1.8505094,0.53557575
63.550000010543485,1.8145658,0.53500783
63.60000001037177,1.9241288,0.5541992
63.65000001020006,1.9024625,0.72458375
63.70000001002835,1.9662156,0.6298379
63.750000009856635,1.8462718,0.5551878
63.80000000968492,1.8772207,0.71672016
63.85000000951321,1.9781513,0.4497591
63.9000000093415,1.9803824,0.5263595
63.950000009169784,1.8665597,0.51699334
64.00000000899807,1.8717085,0.4520559
64.05000000882636,1.927266,0.6189338
64.10000000865465,1.8220581,0.44560516
64.15000000848293,1.8658899,0.65549374
64.20000000831122,1.917318,0.49463034
64.25000000813951,1.9831365,0.5553247
64.3000000079678,2.1135728,0.43526238
64.35000000779608,2.0567083,0.5978804
64.40000000762437,2.0414593,0.4464904
64.45000000745266,1.8912611,0.5617675
64.50000000728095,1.973428,0.48324737
64.55000000710923,1.9962652,0.44651377
64.60000000693752,2.0646942,0.4307785
64.65000000676581,2.0425406,0.5788862
64.7000000065941,2.1181803,0.5123435
64.75000000642238,2.0475318,0.41999993
64.80000000625067,2.072207,0.42605862
64.85000000607896,2.0982008,0.58046454
64.90000000590724,2.2160535,0.41443545
64.95000000573553,2.1245632,0.5120846
65.00000000556382,2.034017,0.43151122
65.0500000053921,1.9711043,0.42883354
65.1000000052204,2.0891669,0.47368315
65.15000000504868,1.9942398,0.63865757
65.20000000487697,1.9918568,0.47749
65.25000000470526,2.0156636,0.43673545
65.30000000453354,2.0016007,0.65010893
65.35000000436183,2.0259924,0.41296947
65.40000000419012,2.060149,0.4523261
65.4500000040184,1.9238689,0.55920994
65.5000000038467,2.0340376,0.49393094
65.55000000367498,2.1111665,0.36542886
65.60000000350327,2.2021542,0.42673308
65.65000000333156,2.066852,0.4906923
65.70000000315984,2.0451906,0.41462958
65.75000000298813,1.9034916,0.39475736
65.80000000281642,1.9694127,0.5274963
65.8500000026447,2.0499923,0.5400394
65.90000000247299,2.1120546,0.39817008
65.95000000230128,1.992045,0.36070484
66.00000000212957,1.8773093,0.5728311
66.05000000195786,1.9920242,0.5096403
66.10000000178614,2.0054479,0.60149336
66.15000000161443,2.0548031,0.4090758
66.20000000144272,1.9592108,0.46616155
66.250000001271,1.9860544,0.4077989
66.30000000109929,2.1183968,0.46622232
66.35000000092758,2.0808744,0.63543665
66.40000000075587,2.027534,0.4846668
66.45000000058415,2.1220713,0.5897449
66.50000000041244,2.097784,0.49415413
66.55000000024073,2.2159219,0.561871
66.60000000006902,2.259507,0.66269904
66.6499999998973,2.2101424,0.55439544
66.69999999972559,2.153332,0.4362507
66.74999999955388,2.2468967,0.37310007
66.79999999938217,2.244485,0.41127735
66.84999999921045,2.2569242,0.48979867
66.89999999903874,2.207011,0.45744616
66.94999999886703,2.331774,0.42014894
66.99999999869532,2.2191534,0.45530754
67.0499999985236,2.2141726,0.4348308
67.09999999835189,2.265841,0.44551486
67.14999999818018,2.067235,0.47878337
67.19999999800847,2.0650573,0.5789094
67.24999999783675,2.1550145,0.43716514
67.29999999766504,2.1614814,0.53959775
67.34999999749333,2.2276978,0.5699599
67.39999999732161,2.165756,0.64956546
67.4499999971499,2.2065766,0.50230116
67.49999999697819,2.2280905,0.63845456
67.54999999680648,2.2613869,0.60868424
67.59999999663476,2.1907165,0.5890218
67.64999999646305,2.165352,0.44036433
67.69999999629134,2.227436,0.65222114
67.74999999611963,2.2181206,0.82347804
67.79999999594791,2.226856,0.5531361
67.8499999957762,2.1716347,0.58708334
67.89999999560449,2.221405,0.612613
67.94999999543278,2.2012646,0.58742845
67.99999999526106,2.2304454,0.6389632
68.04999999508935,2.1902027,0.48490041
68.09999999491764,2.2115557,0.6474538
68.14999999474593,2.1630998,0.6611254
68.19999999457421,2.1148536,0.6401933
68.2499999944025,2.2500837,0.5787266
68.29999999423079,2.1599774,0.43052244
68.34999999405908,2.1995986,0.5051499
68.39999999388736,2.224179,0.6021643
68.44999999371565,2.1972487,0.6943215
68.49999999354394,1.9903293,0.7539401
68.54999999337223,1.9968286,0.48725173
68.59999999320051,2.0510082,0.4988152
68.6499999930288,2.0331156,0.5734083
68.69999999285709,1.9373562,0.6948793
68.74999999268537,2.0240173,0.6340798
68.79999999251366,2.0570323,0.5261924
68.84999999234195,1.9608688,0.8141495
68.89999999217024,2.034263,0.27809
68.94999999199852,1.9911455,0.4688962
68.99999999182681,1.9321884,0.45350724
69.0499999916551,1.8702612,0.50116664
69.09999999148339,2.0059671,0.5619611
69.14999999131167,2.163408,0.40724677
69.19999999113996,2.125171,0.3855799
69.24999999096825,2.051313,0.45397356
69.29999999079654,2.084675,0.38612443
69.34999999062482,2.0968106,0.5606524
69.39999999045311,2.1643515,0.51892376
69.4499999902814,2.1146765,0.4824388
69.49999999010969,2.179276,0.55282086
69.54999998993797,2.115031,0.33141136
69.59999998976626,2.1641781,0.48952785
69.64999998959455,2.1535256,0.5748565
69.69999998942284,2.1844316,0.3879609
69.74999998925112,2.0561814,0.6061378
69.79999998907941,2.0853744,0.5001994
69.8499999889077,2.1284423,0.40650696
69.89999998873598,2.1175706,0.4425516
69.94999998856427,2.0084994,0.37881154
69.99999998839256,1.9888425,0.54899347
70.04999998822085,2.0611396,0.4200283
70.09999998804913,2.0812347,0.6225442
70.14999998787742,2.142217,0.4726029
70.19999998770571,2.0591984,0.5613934
70.249999987534,2.1749127,0.5248768
70.29999998736228,2.0654204,0.5452759
70.34999998719057,2.1822562,0.5231991
70.39999998701886,2.1171968,0.45111543
70.44999998684715,2.120932,0.52262914
70.49999998667543,2.1176097,0.47810125
70.54999998650372,2.1542218,0.5057454
70.59999998633201,2.3030272,0.5127709
70.6499999861603,2.2502503,0.56079584
70.69999998598858,2.2232609,0.41675884
70.74999998581687,2.183554,0.5130788
70.79999998564516,2.2684505,0.4651952
70.84999998547345,2.2951808,0.7500622
70.89999998530173,2.111956,0.588584
70.94999998513002,2.2302773,0.64854383
70.99999998495831,2.0476537,0.38637906
71.0499999847866,2.090642,0.5783866
71.09999998461488,2.156348,0.35992324
71.14999998444317,2.1498659,0.37724662
71.19999998427146,2.155324,0.5741251
71.24999998409974,2.174587,0.60164195
71.29999998392803,2.1277375,0.7131206
71.34999998375632,2.0809345,0.50151145
71.3999999835846,2.1066425,0.62526935
71.4499999834129,2.1554399,0.5176213
71.49999998324118,2.1370962,0.61183417
71.54999998306947,2.0850546,0.5945113
71.59999998289776,2.1482763,0.45405892
71.64999998272604,2.0325007,0.3323677
71.69999998255433,2.1285403,0.37431225
71.74999998238262,2.1550727,0.7561662
71.7999999822109,2.1742997,0.48760328
71.8499999820392,2.2925835,0.5733875
71.89999998186748,2.0888476,0.50380594
71.94999998169577,2.205217,0.4729496
71.99999998152406,2.1452878,0.5123697
72.04999998135234,2.1099823,0.4871936
72.09999998118063,2.1144202,0.46709722
72.14999998100892,2.1393952,0.49047056
72.1999999808372,2.1108706,0.42140964
72.24999998066549,2.1437724,0.4957588
72.29999998049378,2.1004634,0.47995836
72.34999998032207,2.1397069,0.56802714
72.39999998015035,2.2215924,0.5319717
72.44999997997864,2.0572147,0.4838298
72.49999997980693,2.0033278,0.51244533
72.54999997963522,2.0407856,0.43776125
72.5999999794635,2.019257,0.65943956
72.64999997929179,2.0466566,0.50731343
72.69999997912008,2.0450478,0.7691282
72.74999997894837,2.140758,0.6783376
72.79999997877665,2.1048026,0.586057
72.84999997860494,2.0939076,0.5004526
72.89999997843323,2.0813148,0.52113014
72.94999997826152,2.1061482,0.55436856
72.9999999780898,2.071825,0.48398995
73.04999997791809,2.0378234,0.49450383
73.09999997774638,2.0812147,0.680016
73.14999997757467,2.0733526,0.7729393
73.19999997740295,2.0749595,0.426202
73.24999997723124,2.106623,0.6731467
73.29999997705953,2.073614,0.6581232
73.34999997688782,2.1441803,0.6184931
73.3999999767161,2.0569108,0.5507333
73.44999997654439,2.110614,0.5546024
73.49999997637268,2.1231115,0.7583976
73.54999997620097,2.1680057,0.49502182
73.59999997602925,2.0945642,0.53104377
73.64999997585754,2.085814,0.5384947
73.69999997568583,2.2019837,0.6046043
73.74999997551411,2.01936,0.5277505
73.7999999753424,2.1275222,0.47764912
73.84999997517069,2.094206,0.5619611
73.89999997499898,2.103397,0.5176587
73.94999997482726,2.1505442,0.7309189
73.99999997465555,2.287016,0.5464307
74.04999997448384,2.1645823,0.6469151
74.09999997431213,2.0639877,0.49604422
74.14999997414041,2.196547,0.5236717
74.1999999739687,2.1921613,0.52318203
74.24999997379699,2.1319823,0.5206381
74.29999997362528,2.1929593,0.5349884
74.34999997345356,2.2176697,0.41541588
74.39999997328185,2.2797542,0.40922877
74.44999997311014,2.0897648,0.55163896
74.49999997293843,2.2098973,0.52723634
74.54999997276671,2.1395512,0.48456842
74.599999972595,2.1960728,0.43890005
74.64999997242329,2.2361164,0.39831972
74.69999997225158,2.1201267,0.4055932
74.74999997207986,2.1610572,0.5508659
74.79999997190815,2.149052,0.4912386
74.84999997173644,2.1972678,0.47222438
74.89999997156472,2.1893277,0.6543538
74.94999997139301,2.168755,0.45882526
74.9999999712213,2.2475827,0.48572022
75.04999997104959,2.2549665,0.3726965
75.09999997087787,2.2772126,0.5186164
75.14999997070616,2.2085207,0.59174013
75.19999997053445,2.3116581,0.5685411
75.24999997036274,2.181397,0.56169057
75.29999997019102,2.1649673,0.48164743
75.34999997001931,2.1286771,0.36657694
75.3999999698476,2.344994,0.3868069
75.44999996967589,2.2665396,0.44632685
75.49999996950417,2.2116687,0.5634282
75.54999996933246,2.2022297,0.5306283
75.59999996916075,2.129362,0.50971043
75.64999996898904,2.0334435,0.64399004
75.69999996881732,2.056931,0.6521069
75.74999996864561,2.2895286,0.45128718
75.7999999684739,2.1646209,0.47638085
75.84999996830219,2.12901,0.5565523
75.89999996813047,2.111364,0.55160385
75.94999996795876,2.214003,0.5081176
75.99999996778705,2.1621945,0.46280268
76.04999996761534,2.1317086,0.48529977
76.09999996744362,2.1921232,0.53219855
76.14999996727191,2.1539702,0.56718445
76.1999999671002,2.0418878,0.411223
76.24999996692848,2.1014943,0.47236636
76.29999996675677,2.053911,0.63665026
76.34999996658506,2.0881696,0.53514993
76.39999996641335,2.167602,0.44171578
76.44999996624163,2.2034214,0.5054507
76.49999996606992,2.0881894,0.4374684
76.54999996589821,2.2930741,0.52968955
76.5999999657265,2.2759132,0.5527184
76.64999996555478,2.226912,0.5272646
76.69999996538307,2.2466002,0.6065089
76.74999996521136,2.2055192,0.6651387
76.79999996503965,2.2704148,0.48850092
76.84999996486793,2.1887758,0.46816152
76.89999996469622,2.2484539,0.40854365
76.94999996452451,2.1694658,0.4700959
76.9999999643528,2.200697,0.5075307
77.04999996418108,2.199144,0.49475986
77.09999996400937,2.1910017,0.43701854
77.14999996383766,2.202135,0.4535007
77.19999996366595,2.1899555,0.54345834
77.24999996349423,2.264848,0.787398
77.29999996332252,2.2310429,0.58583325
77.34999996315081,2.3054862,0.37617862
77.3999999629791,2.3013985,0.4725304
77.44999996280738,2.2738254,0.5447291
77.49999996263567,2.2818182,0.6294379
77.54999996246396,2.3690858,0.42132473
77.59999996229224,2.2643144,0.4532377
77.64999996212053,2.3375914,0.6007968
77.69999996194882,2.367186,0.45473117
77.7499999617771,2.2638175,0.39465544
77.7999999616054,2.28295,0.42541808
77.84999996143368,2.3286989,0.5677936
77.89999996126197,2.2666683,0.45817527
77.94999996109026,2.282147,0.52142173
77.99999996091854,2.1775546,0.63585865
78.04999996074683,2.2193599,0.6363693
78.09999996057512,2.2121582,0.42887178
78.1499999604034,2.1807284,0.3801584
78.1999999602317,2.203913,0.4211974
78.24999996005998,2.161674,0.4255757
78.29999995988827,2.2445776,0.52157605
78.34999995971656,2.266025,0.5561961
78.39999995954484,2.2896194,0.46844155
78.44999995937313,2.2488613,0.53284776
78.49999995920142,2.3401923,0.47795787
78.5499999590297,2.2979743,0.5394928
78.59999995885799,2.2852664,0.5517767
78.64999995868628,2.3046186,0.6076993
78.69999995851457,2.2247221,0.39933974
78.74999995834285,2.2379415,0.49115062
78.79999995817114,2.3298614,0.36243168
78.84999995799943,2.282457,0.5330211
78.89999995782772,2.1312788,0.48174644
78.949999957656,2.1778417,0.4894274
78.99999995748429,2.1683323,0.55788136
79.04999995731258,2.1440055,0.50600463
79.09999995714087,2.2126105,0.60500586
79.14999995696915,2.319251,0.5051174
79.19999995679744,2.2765355,0.6160549
79.24999995662573,2.2935283,0.4756264
79.29999995645402,2.2107453,0.49760687
79.3499999562823,2.1998448,0.538337
79.39999995611059,2.2794251,0.3497991
79.44999995593888,2.219172,0.4947448
79.49999995576717,2.2470078,0.41630092
79.54999995559545,2.199864,0.47126412
79.59999995542374,2.238556,0.57500947
79.64999995525203,2.189613,0.61271274
79.69999995508032,2.2197917,0.43580297
79.7499999549086,2.2721758,0.6541853
79.79999995473689,2.2769747,0.6353546
79.84999995456518,2.2988627,0.4761055
79.89999995439346,2.291711,0.36700758
79.94999995422175,2.3256555,0.5063314
79.99999995405004,2.2331336,0.6070811
80.04999995387833,2.2427208,0.5703179
80.09999995370661,2.1342673,0.7307149
80.1499999535349,2.1707902,0.5579161
80.19999995336319,2.1629264,0.5455464
80.24999995319148,2.2859228,0.5870529
80.29999995301976,2.2965417,0.60139424
80.34999995284805,2.197988,0.5594071
80.39999995267634,2.2346067,0.42299783
80.44999995250463,2.2966144,0.4216288
80.49999995233291,2.2630997,0.50971335
80.5499999521612,2.2077847,0.53864413
80.59999995198949,2.244058,0.4706598
80.64999995181778,2.2316403,0.4135428
80.69999995164606,2.1556718,0.42296615
80.74999995147435,2.1662564,0.5272081
80.79999995130264,2.2135515,0.4634269
80.84999995113093,2.2126105,0.4480496
80.89999995095921,2.2979743,0.59260327
80.9499999507875,2.219341,0.49833104
80.99999995061579,2.2577546,0.52284867
81.04999995044408,2.240565,0.5685935
81.09999995027236,2.2212737,0.48498952
81.14999995010065,2.2505095,0.51132166
81.19999994992894,2.2139468,0.60111666
81.24999994975722,2.2857223,0.36901593
81.29999994958551,2.2363772,0.35916895
81.3499999494138,2.3087726,0.45102295
81.39999994924209,2.314252,0.6505305
81.44999994907037,2.274265,0.5028793
81.49999994889866,2.2348492,0.51707983
81.54999994872695,2.2005265,0.504784
81.59999994855524,2.318245,0.39787057
81.64999994838352,2.2614238,0.69169825
81.69999994821181,2.3321848,0.49977022
81.7499999480401,2.2731657,0.46003506
81.79999994786839,2.234327,0.51774216
81.84999994769667,2.1925411,0.46783358
81.89999994752496,2.1698496,0.52896607
81.94999994735325,2.263836,0.45740384
81.99999994718154,2.3604002,0.52286863
82.04999994700982,2.2365823,0.5197788
82.09999994683811,2.2902563,0.64091915
82.1499999466664,2.1988409,0.4101708
82.19999994649469,2.236135,0.51540565
82.24999994632297,2.3251,0.6201845
82.29999994615126,2.302774,0.48166907
82.34999994597955,2.315152,0.5531577
82.39999994580783,2.3107748,0.38958985
82.44999994563612,2.2212362,0.5561961
82.49999994546441,2.2736788,0.4572963
82.5499999452927,2.3303442,0.65092444
82.59999994512098,2.2910929,0.57046425
82.64999994494927,2.2101047,0.4814989
82.69999994477756,2.2508984,0.61412895
82.74999994460585,2.1818933,0.5708559
82.79999994443413,2.2329094,0.4719561
82.84999994426242,2.181072,0.57598567
82.89999994409071,2.2322376,0.52850103
82.949999943919,2.199731,0.49147817
82.99999994374728,2.1757555,0.4396972
83.04999994357557,2.2599497,0.48104376
83.09999994340386,2.2255836,0.5264557
83.14999994323215,2.2238042,0.4047731
83.19999994306043,2.307726,0.48249748
83.24999994288872,2.3787735,0.33785042
83.29999994271701,2.2783647,0.52174455
83.3499999425453,2.2636335,0.4170126
83.39999994237358,2.2327788,0.5858103
83.44999994220187,2.3602412,0.50277853
83.49999994203016,2.2665396,0.48745352
83.54999994185845,2.2315283,0.5640679
83.59999994168673,2.2580316,0.30966908
83.64999994151502,2.27047,0.51179934
83.69999994134331,2.2843547,0.44799638
83.7499999411716,2.2674587,0.40521827
83.79999994099988,2.264848,0.5093829
83.84999994082817,2.232984,0.50345683
83.89999994065646,2.129812,0.35479438
83.94999994048474,2.2849565,0.5261981
83.99999994031303,2.2023244,0.6010621
84.04999994014132,2.3072562,0.5076247
84.0999999399696,2.3527274,0.3901326
84.1499999397979,2.374812,0.4264362
84.19999993962618,2.2932193,0.5193371
84.24999993945447,2.232331,0.5610615
84.29999993928276,2.2732205,0.42294148
84.34999993911104,2.3689451,0.4629218
84.39999993893933,2.3072746,0.60311383
84.44999993876762,2.2938552,0.6354531
84.4999999385959,2.1997502,0.49814856
84.5499999384242,2.2256956,0.43306237
84.59999993825248,2.303606,0.46117383
84.64999993808077,2.2375693,0.6351012
84.69999993790906,2.2192285,0.45668983
84.74999993773734,2.245153,0.6183196
84.79999993756563,2.2458396,0.5177652
84.84999993739392,2.2651238,0.6173403
84.8999999372222,2.2705982,0.60856676
84.94999993705049,2.240044,0.4759678
84.99999993687878,2.2915838,0.47383726
85.04999993670707,2.2253027,0.7036186
85.09999993653535,2.1374469,0.42922947
85.14999993636364,2.2635415,0.5121137
85.19999993619193,2.1922941,0.49726838
85.24999993602022,2.2064068,0.46077943
85.2999999358485,2.2905293,0.70579237
85.34999993567679,2.3611062,0.5791667
85.39999993550508,2.174472,0.51429427
85.44999993533337,2.4505835,0.5530041
85.49999993516165,2.4577305,0.6604195
85.54999993498994,2.5477881,0.5538684
85.59999993481823,2.527842,0.5848913
85.64999993464652,2.38898,0.5160587
85.6999999344748,2.297775,0.4989825
85.74999993430309,2.251324,0.39363468
85.79999993413138,2.4508045,0.41493493
85.84999993395967,2.424656,0.51100385
85.89999993378795,2.331613,0.5909842
85.94999993361624,2.3550107,0.46730456
85.99999993344453,2.3408506,0.6627912
86.04999993327282,2.263744,0.6031237
86.0999999331011,2.3099995,0.6151689
86.14999993292939,2.3306658,0.6525432
86.19999993275768,2.3119104,0.5182974
86.24999993258596,2.2744117,0.45478687
86.29999993241425,2.1684668,0.6822016
86.34999993224254,2.214041,0.5130323
86.39999993207083,2.1461806,0.51788324
86.44999993189911,2.214718,0.48976216
86.4999999317274,2.2513795,0.5009674
86.54999993155569,2.3431633,0.51775086
86.59999993138398,2.276627,0.524357
86.64999993121226,2.3750575,0.6306725
86.69999993104055,2.2455614,0.49559042
86.74999993086884,2.1596107,0.673649
86.79999993069713,2.1996932,0.5558021
86.84999993052541,2.0395398,0.5705217
86.8999999303537,2.2259016,0.49708253
86.94999993018199,2.208313,0.65694696
86.99999993001028,2.2114048,0.6280159
87.04999992983856,2.1288338,0.41080242
87.09999992966685,2.2979565,0.48659682
87.14999992949514,2.2895467,0.5051057
87.19999992932343,2.3240604,0.37367475
87.24999992915171,2.3362365,0.5327415
87.29999992898,2.3255658,0.75145555
87.34999992880829,2.3930223,0.60033774
87.39999992863657,2.2089543,0.48591346
87.44999992846486,2.2540796,0.45053375
87.49999992829315,2.2767367,0.39468184
87.54999992812144,2.1655445,0.54075354
87.59999992794971,2.2572932,0.38325414
87.64999992777801,2.310757,0.43411404
87.6999999276063,2.199447,0.4855821
87.7499999274346,2.2131,0.49066192
87.79999992726287,2.3044198,0.4722591
87.84999992709116,2.1829433,0.41943902
87.89999992691943,2.261516,0.38686082
87.94999992674774,2.368576,0.7032331
87.99999992657604,2.2892737,0.5533273
88.04999992640431,2.2612212,0.5789403
88.0999999262326,2.4087439,0.68323183
88.14999992606087,2.2727807,0.6132475
88.19999992588917,2.2792058,0.41462597
88.24999992571747,2.2284646,0.44657382
88.29999992554576,2.1916862,0.5496147
88.34999992537404,2.236787,0.53115034
88.39999992520231,2.211141,0.476093
88.4499999250306,2.2653813,0.7260157
88.4999999248589,2.2004697,0.5436831
88.5499999246872,2.2661169,0.6211016
88.59999992451547,2.1603246,0.6678239
88.64999992434376,2.1257393,0.66734403
88.69999992417203,2.2500837,0.54483306
88.74999992400033,2.1853468,0.5927315
88.79999992382864,2.247768,0.525189
88.84999992365691,2.3205802,0.55113363
88.8999999234852,2.1229546,0.4458592
88.94999992331347,2.1392395,0.67065835
88.99999992314177,2.1382265,0.5768439
89.04999992297006,2.0768862,0.7330665
89.09999992279836,2.1308682,0.500777
89.14999992262663,2.1917431,0.7439702
89.19999992245492,2.2570534,0.5042819
89.2499999222832,2.1119757,0.5949973
89.2999999221115,2.1929023,0.6694463
89.3499999219398,2.2188153,0.60898286
89.39999992176807,2.309837,0.48282784
89.44999992159636,2.3743558,0.61131275
89.49999992142463,2.182027,0.5599955
89.54999992125293,2.3563724,0.5699651
89.59999992108123,2.2900014,0.51285803
89.64999992090952,2.243501,0.5248484
89.6999999207378,2.149265,0.64460987
89.74999992056608,2.1214232,0.5880623
89.79999992039437,2.1575456,0.6478358
89.84999992022266,2.2026649,0.6732308
89.89999992005096,2.297249,0.46516958
89.94999991987923,2.3397114,0.481765
89.99999991970752,2.1866236,0.6112445
90.0499999195358,2.322034,0.60442185
90.0999999193641,2.2664294,0.57734483
90.14999991919238,2.190127,0.43234956
90.19999991902067,2.3531523,0.62245804
90.24999991884896,2.2317896,0.606617
90.29999991867723,2.3380547,0.46140966
90.34999991850553,2.1555367,0.49927503
90.39999991833382,2.2097275,0.67192805
90.44999991816212,2.2296045,0.47876778
90.4999999179904,2.0853343,0.5606789
90.54999991781868,2.1356723,0.67164415
90.59999991764697,2.258585,0.5924876
90.64999991747526,2.265602,0.52347815
90.69999991730356,2.2249844,0.61183655
90.74999991713183,2.220636,0.5969201
90.79999991696012,2.1926932,0.5074162
90.84999991678839,2.248287,0.6230347
90.8999999166167,2.2963784,0.62601006
90.94999991644498,2.2506576,0.45221078
90.99999991627328,2.2098973,0.57188606
91.04999991610156,2.2791328,0.67803437
91.09999991592984,2.2282214,0.43635997
91.14999991575812,2.2974124,0.4432245
91.19999991558642,2.2461178,0.44765365
91.24999991541472,2.1820462,0.5722507
91.29999991524299,2.1129222,0.64602995
91.34999991507128,1.9785935,0.48749024
91.39999991489955,2.1000466,0.56283283
91.44999991472785,2.1310833,0.5566808
91.49999991455616,2.0260336,0.48947304
91.54999991438443,2.1141443,0.62171793
91.59999991421272,2.0773075,0.62612903
91.64999991404099,2.3027196,0.71946335
91.69999991386929,2.157121,0.5043646
91.74999991369758,2.0414183,0.5531954
91.79999991352588,2.0473485,0.62023973
91.84999991335415,2.1553433,0.6049862
91.89999991318244,2.0348568,0.575569
91.94999991301071,2.011629,0.5791255
91.99999991283902,2.1046245,0.5446032
92.04999991266732,2.178492,0.5992347
92.09999991249559,2.1219141,0.6014116
92.14999991232388,2.2154143,0.5411227
92.19999991215215,2.1644475,0.3771084
92.24999991198045,2.0599062,0.6896097
92.29999991180874,2.0490572,0.49106568
92.34999991163704,1.9832625,0.6163644
92.39999991146531,1.9114202,0.65854645
92.4499999112936,1.9197066,0.6820968
92.49999991112188,2.0830555,0.59838116
92.54999991095018,2.0529776,0.74139804
92.59999991077848,2.0560195,0.49682766
92.64999991060675,2.0279863,0.52597433
92.69999991043504,1.9851942,0.60960644
92.74999991026331,1.9304626,0.6008811
92.79999991009161,1.9672961,0.7139412
92.84999990991992,2.0452719,0.58829784
92.89999990974819,2.0716038,0.45715943
92.94999990957648,2.191496,0.7557701
92.99999990940475,2.2156773,0.45756343
93.04999990923305,2.11574,0.6381861
93.09999990906134,2.1806903,0.46792912
93.14999990888964,2.132881,0.49409685
93.19999990871791,2.1389084,0.5834348
93.2499999085462,2.2062936,0.5271685
93.29999990837447,2.2904925,0.5537312
93.34999990820278,2.2166924,0.7186158
93.39999990803108,2.0731316,0.4324839
93.44999990785935,2.0822153,0.42694953
93.49999990768764,2.0561206,0.638011
93.54999990751591,2.1102192,0.3867568
93.59999990734421,2.0450683,0.6071253
93.6499999071725,2.0834556,0.5610641
93.6999999070008,2.1046245,0.48789963
93.74999990682907,1.9608688,0.58457786
93.79999990665736,2.1737823,0.41889155
93.84999990648564,2.1345017,0.5647939
93.89999990631394,2.1364915,0.6160428
93.94999990614224,2.0487115,0.5527265
93.99999990597051,2.1158385,0.55217355
94.0499999057988,2.2411785,0.45229974
94.09999990562707,2.1927314,0.41799057
94.14999990545537,2.2337677,0.79778904
94.19999990528368,2.2666316,0.60669804
94.24999990511195,2.1163898,0.64786106
94.29999990494024,2.202362,0.54101807
94.34999990476851,2.229343,0.5460024
94.39999990459681,2.1537383,0.44642365
94.4499999044251,2.0882492,0.7000048
94.4999999042534,2.1318455,0.6777838
94.54999990408167,2.1760616,0.59947586
94.59999990390996,2.2729824,0.48185158
94.64999990373823,2.1308486,0.647707
94.69999990356654,2.1279922,0.5175061
94.74999990339484,2.0848348,0.65537095
94.79999990322311,2.0387838,0.5265322
94.8499999030514,2.1654098,0.7033369
94.89999990287967,2.2341218,0.45993787
94.94999990270797,2.052998,0.6048581
94.99999990253626,2.13122,0.4280162
95.04999990236456,2.139999,0.5845881
95.09999990219283,2.1441026,0.57580453
95.14999990202112,2.1964142,0.42188674
95.1999999018494,2.117649,0.6017014
95.2499999016777,2.16591,0.5446197
95.299999901506,2.2702498,0.7142229
95.34999990133427,2.1927693,0.5521115
95.39999990116256,2.1966608,0.51705384
95.44999990099083,2.137486,0.65348333
95.49999990081913,2.087491,0.4450028
95.54999990064744,2.0990744,0.5730288
95.59999990047571,2.1455789,0.64314955
95.649999900304,2.3034432,0.7048987
95.69999990013227,2.2418475,0.611934
95.74999989996057,2.1790273,0.62062156
95.79999989978886,2.2070487,0.57179224
95.84999989961716,2.2333198,0.6038595
95.89999989944543,2.2616448,0.524874
95.94999989927372,2.2036483,0.5786416
95.999999899102,2.2648847,0.6643945
96.0499998989303,2.105337,0.52315927
96.09999989875858,2.241606,0.44998437
96.14999989858687,2.175717,0.44914907
96.19999989841516,2.2491393,0.4572181
96.24999989824343,2.232331,0.3688059
96.29999989807173,2.2850842,0.4417529
96.34999989790002,2.2317336,0.56990755
96.39999989772832,2.2746863,0.6496389
96.4499998975566,2.1131983,0.5542637
96.49999989738488,2.1542797,0.37585765
96.54999989721317,2.1952379,0.39442882
96.59999989704146,2.067779,0.44780344
96.64999989686976,2.0544586,0.4562883
96.69999989669803,2.0913594,0.4573582
96.74999989652632,2.2091994,0.48931167
96.79999989635459,2.1834967,0.73036206
96.8499998961829,2.1213055,0.7579279
96.89999989601118,2.1793332,0.5561987
96.94999989583947,2.2268186,0.43791097
96.99999989566776,2.1543186,0.5999753
97.04999989549603,1.8865852,0.76046175
97.09999989532433,2.0047622,0.45879602
97.14999989515262,2.0950613,0.7343136
97.19999989498092,1.995827,0.7057036
97.24999989480919,2.0503988,0.5407894
97.29999989463748,1.9690107,0.5399069
97.34999989446575,2.1074533,0.65051913
97.39999989429406,2.101435,0.43229097
97.44999989412236,2.114952,0.54137874
97.49999989395063,2.2476199,0.5065315
97.54999989377892,2.2098594,0.6774782
97.59999989360719,2.2372713,0.35696748
97.64999989343549,2.224666,0.47127995
97.69999989326378,2.2146242,0.5212302
97.74999989309208,2.2381835,0.52018285
97.79999989292035,2.2129493,0.529546
97.84999989274864,2.202911,0.6885696
97.89999989257691,2.0824754,0.56287783
97.94999989240522,2.072991,0.43473142
97.99999989223352,2.127483,0.45631117
98.04999989206179,2.2335625,0.7460704
98.09999989189008,2.1054955,0.698912
98.14999989171835,2.2043285,0.4663118
98.19999989154665,2.0876906,0.6860873
98.24999989137496,2.1499436,0.58126754
98.29999989120324,2.118672,0.7250011
98.34999989103152,2.2269495,0.5989586
98.39999989085979,2.2788768,0.62833375
98.44999989068808,2.2687993,0.4906376
98.49999989051638,2.268579,0.4514655
98.54999989034468,2.3048897,0.47395048
98.59999989017295,2.2759864,0.4430194
98.64999989000124,2.253562,0.46258688
98.69999988982951,2.2465072,0.38554126
98.74999988965781,2.1346383,0.46220338
98.79999988948612,2.1913247,0.38677606
98.84999988931439,2.2332454,0.7035636
98.89999988914268,2.2035537,0.662717
98.94999988897095,2.1185737,0.44077355
98.99999988879925,2.1915529,0.4256387
99.04999988862754,2.1333692,0.42152983
99.09999988845584,2.1696,0.4381593
99.14999988828411,2.181397,0.35597262
99.1999998881124,2.1102192,0.48286176
99.24999988794067,2.1386938,0.60534567
99.29999988776898,2.1524224,0.40849623
99.34999988759728,2.1924653,0.45655277
99.39999988742555,2.4044333,0.6739696
99.44999988725384,2.4556108,0.43652043
99.49999988708211,2.376706,0.47760233
99.54999988691041,2.3959281,0.47197506
99.59999988673871,2.3526921,0.49221742
99.649999886567,2.383008,0.5070666
99.69999988639528,2.3646853,0.47095102
99.74999988622355,2.209539,0.5771022
99.79999988605184,2.1859188,0.44592604
99.84999988588014,2.2479904,0.6049566
99.89999988570844,2.1429753,0.6735052
99.94999988553671,2.1562128,0.7159213
